Vivado Simulator v2023.1
Copyright 1986-2022 Xilinx, Inc. All Rights Reserved.
Copyright 2022-2023 Advanced Micro Devices, Inc. All Rights Reserved.
Running: /tools/Xilinx/Vivado/2023.1/bin/unwrapped/lnx64.o/xelab xil_defaultlib.apatb_myproject_top glbl -Oenable_linking_all_libraries -prj myproject.prj -L smartconnect_v1_0 -L axi_protocol_checker_v1_1_12 -L axi_protocol_checker_v1_1_13 -L axis_protocol_checker_v1_1_11 -L axis_protocol_checker_v1_1_12 -L xil_defaultlib -L unisims_ver -L xpm -L floating_point_v7_1_15 -L floating_point_v7_0_20 --lib ieee_proposed=./ieee_proposed -s myproject -debug all 
Multi-threading is on. Using 6 slave threads.
WARNING: [XSIM 43-3431] One or more environment variables have been detected which affect the operation of the C compiler. These are typically not set in standard installations and are not tested by Xilinx, however they may be appropriate for your system, so the flow will attempt to continue.  If errors occur, try running xelab with the "-mt off -v 1" switches to see more information from the C compiler. The following environment variables have been detected:
INFO: [VRFC 10-2263] Analyzing SystemVerilog file "/home/mohamed/Nile_intern/Tasks/Mobilenet_project/test/lenet_project/lenet5_hls_100/myproject_prj/solution1/sim/verilog/glbl.v" into library work
INFO: [VRFC 10-311] analyzing module glbl
INFO: [VRFC 10-2263] Analyzing SystemVerilog file "/home/mohamed/Nile_intern/Tasks/Mobilenet_project/test/lenet_project/lenet5_hls_100/myproject_prj/solution1/sim/verilog/myproject_pooling2d_cl_array_array_ap_ufixed_8_0_4_0_0_16u_config9_s_void_pooling2d_cl_JfO.v" into library xil_defaultlib
INFO: [VRFC 10-311] analyzing module myproject_pooling2d_cl_array_array_ap_ufixed_8_0_4_0_0_16u_config9_s_void_pooling2d_cl_JfO_core
INFO: [VRFC 10-311] analyzing module myproject_pooling2d_cl_array_array_ap_ufixed_8_0_4_0_0_16u_config9_s_void_pooling2d_cl_JfO
INFO: [VRFC 10-2263] Analyzing SystemVerilog file "/home/mohamed/Nile_intern/Tasks/Mobilenet_project/test/lenet_project/lenet5_hls_100/myproject_prj/solution1/sim/verilog/myproject_mac_muladd_8ns_8s_18s_19_1_0.v" into library xil_defaultlib
INFO: [VRFC 10-311] analyzing module myproject_mac_muladd_8ns_8s_18s_19_1_0_DSP48_100
INFO: [VRFC 10-311] analyzing module myproject_mac_muladd_8ns_8s_18s_19_1_0
INFO: [VRFC 10-2263] Analyzing SystemVerilog file "/home/mohamed/Nile_intern/Tasks/Mobilenet_project/test/lenet_project/lenet5_hls_100/myproject_prj/solution1/sim/verilog/myproject_start_for_normalize_array_array_ap_fixed_16_6_5_3_0_120u_config22_U0.v" into library xil_defaultlib
INFO: [VRFC 10-311] analyzing module myproject_start_for_normalize_array_array_ap_fixed_16_6_5_3_0_120u_config22_U0
INFO: [VRFC 10-311] analyzing module myproject_start_for_normalize_array_array_ap_fixed_16_6_5_3_0_120u_config22_U0_ShiftReg
INFO: [VRFC 10-2263] Analyzing SystemVerilog file "/home/mohamed/Nile_intern/Tasks/Mobilenet_project/test/lenet_project/lenet5_hls_100/myproject_prj/solution1/sim/verilog/myproject_mac_muladd_8ns_8s_16s_17_1_0.v" into library xil_defaultlib
INFO: [VRFC 10-311] analyzing module myproject_mac_muladd_8ns_8s_16s_17_1_0_DSP48_51
INFO: [VRFC 10-311] analyzing module myproject_mac_muladd_8ns_8s_16s_17_1_0
INFO: [VRFC 10-2263] Analyzing SystemVerilog file "/home/mohamed/Nile_intern/Tasks/Mobilenet_project/test/lenet_project/lenet5_hls_100/myproject_prj/solution1/sim/verilog/myproject_mac_muladd_8ns_5s_14s_14_1_0.v" into library xil_defaultlib
INFO: [VRFC 10-311] analyzing module myproject_mac_muladd_8ns_5s_14s_14_1_0_DSP48_80
INFO: [VRFC 10-311] analyzing module myproject_mac_muladd_8ns_5s_14s_14_1_0
INFO: [VRFC 10-2263] Analyzing SystemVerilog file "/home/mohamed/Nile_intern/Tasks/Mobilenet_project/test/lenet_project/lenet5_hls_100/myproject_prj/solution1/sim/verilog/myproject_mac_muladd_16s_5s_20s_21_1_0.v" into library xil_defaultlib
INFO: [VRFC 10-311] analyzing module myproject_mac_muladd_16s_5s_20s_21_1_0_DSP48_3
INFO: [VRFC 10-311] analyzing module myproject_mac_muladd_16s_5s_20s_21_1_0
INFO: [VRFC 10-2263] Analyzing SystemVerilog file "/home/mohamed/Nile_intern/Tasks/Mobilenet_project/test/lenet_project/lenet5_hls_100/myproject_prj/solution1/sim/verilog/myproject_mac_muladd_8ns_8s_21s_21_1_0.v" into library xil_defaultlib
INFO: [VRFC 10-311] analyzing module myproject_mac_muladd_8ns_8s_21s_21_1_0_DSP48_108
INFO: [VRFC 10-311] analyzing module myproject_mac_muladd_8ns_8s_21s_21_1_0
INFO: [VRFC 10-2263] Analyzing SystemVerilog file "/home/mohamed/Nile_intern/Tasks/Mobilenet_project/test/lenet_project/lenet5_hls_100/myproject_prj/solution1/sim/verilog/myproject_compute_output_buffer_2d_array_array_ap_fixed_30_15_5_3_0_6u_config2_s.v" into library xil_defaultlib
INFO: [VRFC 10-311] analyzing module myproject_compute_output_buffer_2d_array_array_ap_fixed_30_15_5_3_0_6u_config2_s
INFO: [VRFC 10-2263] Analyzing SystemVerilog file "/home/mohamed/Nile_intern/Tasks/Mobilenet_project/test/lenet_project/lenet5_hls_100/myproject_prj/solution1/sim/verilog/myproject.autotb.v" into library xil_defaultlib
INFO: [VRFC 10-311] analyzing module apatb_myproject_top
INFO: [VRFC 10-2263] Analyzing SystemVerilog file "/home/mohamed/Nile_intern/Tasks/Mobilenet_project/test/lenet_project/lenet5_hls_100/myproject_prj/solution1/sim/verilog/myproject_start_for_dense_array_ap_ufixed_120u_array_ap_fixed_24_11_5_3_0_84u_config14_U0.v" into library xil_defaultlib
INFO: [VRFC 10-311] analyzing module myproject_start_for_dense_array_ap_ufixed_120u_array_ap_fixed_24_11_5_3_0_84u_config14_U0
INFO: [VRFC 10-311] analyzing module myproject_start_for_dense_array_ap_ufixed_120u_array_ap_fixed_24_11_5_3_0_84u_config14_U0_ShiftReg
INFO: [VRFC 10-2263] Analyzing SystemVerilog file "/home/mohamed/Nile_intern/Tasks/Mobilenet_project/test/lenet_project/lenet5_hls_100/myproject_prj/solution1/sim/verilog/myproject_dense_array_ap_ufixed_16u_array_ap_fixed_25_12_5_3_0_120u_config11_s.v" into library xil_defaultlib
INFO: [VRFC 10-311] analyzing module myproject_dense_array_ap_ufixed_16u_array_ap_fixed_25_12_5_3_0_120u_config11_s
INFO: [VRFC 10-2263] Analyzing SystemVerilog file "/home/mohamed/Nile_intern/Tasks/Mobilenet_project/test/lenet_project/lenet5_hls_100/myproject_prj/solution1/sim/verilog/myproject_mac_muladd_8ns_6s_15s_16_1_0.v" into library xil_defaultlib
INFO: [VRFC 10-311] analyzing module myproject_mac_muladd_8ns_6s_15s_16_1_0_DSP48_50
INFO: [VRFC 10-311] analyzing module myproject_mac_muladd_8ns_6s_15s_16_1_0
INFO: [VRFC 10-2263] Analyzing SystemVerilog file "/home/mohamed/Nile_intern/Tasks/Mobilenet_project/test/lenet_project/lenet5_hls_100/myproject_prj/solution1/sim/verilog/myproject_mac_muladd_16s_7s_23s_23_1_0.v" into library xil_defaultlib
INFO: [VRFC 10-311] analyzing module myproject_mac_muladd_16s_7s_23s_23_1_0_DSP48_1
INFO: [VRFC 10-311] analyzing module myproject_mac_muladd_16s_7s_23s_23_1_0
INFO: [VRFC 10-2263] Analyzing SystemVerilog file "/home/mohamed/Nile_intern/Tasks/Mobilenet_project/test/lenet_project/lenet5_hls_100/myproject_prj/solution1/sim/verilog/myproject_mac_muladd_8ns_5ns_14ns_15_1_0.v" into library xil_defaultlib
INFO: [VRFC 10-311] analyzing module myproject_mac_muladd_8ns_5ns_14ns_15_1_0_DSP48_46
INFO: [VRFC 10-311] analyzing module myproject_mac_muladd_8ns_5ns_14ns_15_1_0
INFO: [VRFC 10-2263] Analyzing SystemVerilog file "/home/mohamed/Nile_intern/Tasks/Mobilenet_project/test/lenet_project/lenet5_hls_100/myproject_prj/solution1/sim/verilog/myproject_mac_muladd_8ns_7s_14s_15_1_0.v" into library xil_defaultlib
INFO: [VRFC 10-311] analyzing module myproject_mac_muladd_8ns_7s_14s_15_1_0_DSP48_67
INFO: [VRFC 10-311] analyzing module myproject_mac_muladd_8ns_7s_14s_15_1_0
INFO: [VRFC 10-2263] Analyzing SystemVerilog file "/home/mohamed/Nile_intern/Tasks/Mobilenet_project/test/lenet_project/lenet5_hls_100/myproject_prj/solution1/sim/verilog/myproject_mac_muladd_8ns_8s_18s_18_1_0.v" into library xil_defaultlib
INFO: [VRFC 10-311] analyzing module myproject_mac_muladd_8ns_8s_18s_18_1_0_DSP48_84
INFO: [VRFC 10-311] analyzing module myproject_mac_muladd_8ns_8s_18s_18_1_0
INFO: [VRFC 10-2263] Analyzing SystemVerilog file "/home/mohamed/Nile_intern/Tasks/Mobilenet_project/test/lenet_project/lenet5_hls_100/myproject_prj/solution1/sim/verilog/myproject_mac_muladd_8ns_7ns_16ns_16_1_0.v" into library xil_defaultlib
INFO: [VRFC 10-311] analyzing module myproject_mac_muladd_8ns_7ns_16ns_16_1_0_DSP48_103
INFO: [VRFC 10-311] analyzing module myproject_mac_muladd_8ns_7ns_16ns_16_1_0
INFO: [VRFC 10-2263] Analyzing SystemVerilog file "/home/mohamed/Nile_intern/Tasks/Mobilenet_project/test/lenet_project/lenet5_hls_100/myproject_prj/solution1/sim/verilog/myproject_mac_muladd_16s_7ns_26s_27_1_0.v" into library xil_defaultlib
INFO: [VRFC 10-311] analyzing module myproject_mac_muladd_16s_7ns_26s_27_1_0_DSP48_22
INFO: [VRFC 10-311] analyzing module myproject_mac_muladd_16s_7ns_26s_27_1_0
INFO: [VRFC 10-2263] Analyzing SystemVerilog file "/home/mohamed/Nile_intern/Tasks/Mobilenet_project/test/lenet_project/lenet5_hls_100/myproject_prj/solution1/sim/verilog/myproject.v" into library xil_defaultlib
INFO: [VRFC 10-311] analyzing module myproject
INFO: [VRFC 10-2263] Analyzing SystemVerilog file "/home/mohamed/Nile_intern/Tasks/Mobilenet_project/test/lenet_project/lenet5_hls_100/myproject_prj/solution1/sim/verilog/myproject_mac_muladd_8ns_6ns_13ns_14_1_1.v" into library xil_defaultlib
INFO: [VRFC 10-311] analyzing module myproject_mac_muladd_8ns_6ns_13ns_14_1_1_DSP48_115
INFO: [VRFC 10-311] analyzing module myproject_mac_muladd_8ns_6ns_13ns_14_1_1
INFO: [VRFC 10-2263] Analyzing SystemVerilog file "/home/mohamed/Nile_intern/Tasks/Mobilenet_project/test/lenet_project/lenet5_hls_100/myproject_prj/solution1/sim/verilog/myproject_mac_muladd_8ns_4ns_10s_13_1_0.v" into library xil_defaultlib
INFO: [VRFC 10-311] analyzing module myproject_mac_muladd_8ns_4ns_10s_13_1_0_DSP48_58
INFO: [VRFC 10-311] analyzing module myproject_mac_muladd_8ns_4ns_10s_13_1_0
INFO: [VRFC 10-2263] Analyzing SystemVerilog file "/home/mohamed/Nile_intern/Tasks/Mobilenet_project/test/lenet_project/lenet5_hls_100/myproject_prj/solution1/sim/verilog/myproject_mul_16s_6ns_22_1_0.v" into library xil_defaultlib
INFO: [VRFC 10-311] analyzing module myproject_mul_16s_6ns_22_1_0
INFO: [VRFC 10-2263] Analyzing SystemVerilog file "/home/mohamed/Nile_intern/Tasks/Mobilenet_project/test/lenet_project/lenet5_hls_100/myproject_prj/solution1/sim/verilog/myproject_mac_muladd_8ns_5ns_12s_14_1_0.v" into library xil_defaultlib
INFO: [VRFC 10-311] analyzing module myproject_mac_muladd_8ns_5ns_12s_14_1_0_DSP48_24
INFO: [VRFC 10-311] analyzing module myproject_mac_muladd_8ns_5ns_12s_14_1_0
INFO: [VRFC 10-2263] Analyzing SystemVerilog file "/home/mohamed/Nile_intern/Tasks/Mobilenet_project/test/lenet_project/lenet5_hls_100/myproject_prj/solution1/sim/verilog/myproject_mac_muladd_8ns_6ns_15ns_16_1_0.v" into library xil_defaultlib
INFO: [VRFC 10-311] analyzing module myproject_mac_muladd_8ns_6ns_15ns_16_1_0_DSP48_91
INFO: [VRFC 10-311] analyzing module myproject_mac_muladd_8ns_6ns_15ns_16_1_0
INFO: [VRFC 10-2263] Analyzing SystemVerilog file "/home/mohamed/Nile_intern/Tasks/Mobilenet_project/test/lenet_project/lenet5_hls_100/myproject_prj/solution1/sim/verilog/myproject_mac_muladd_8ns_5ns_14s_15_1_0.v" into library xil_defaultlib
INFO: [VRFC 10-311] analyzing module myproject_mac_muladd_8ns_5ns_14s_15_1_0_DSP48_89
INFO: [VRFC 10-311] analyzing module myproject_mac_muladd_8ns_5ns_14s_15_1_0
INFO: [VRFC 10-2263] Analyzing SystemVerilog file "/home/mohamed/Nile_intern/Tasks/Mobilenet_project/test/lenet_project/lenet5_hls_100/myproject_prj/solution1/sim/verilog/myproject_mac_muladd_8ns_5ns_13s_15_1_0.v" into library xil_defaultlib
INFO: [VRFC 10-311] analyzing module myproject_mac_muladd_8ns_5ns_13s_15_1_0_DSP48_41
INFO: [VRFC 10-311] analyzing module myproject_mac_muladd_8ns_5ns_13s_15_1_0
INFO: [VRFC 10-2263] Analyzing SystemVerilog file "/home/mohamed/Nile_intern/Tasks/Mobilenet_project/test/lenet_project/lenet5_hls_100/myproject_prj/solution1/sim/verilog/myproject_mac_muladd_8ns_4ns_12s_13_1_0.v" into library xil_defaultlib
INFO: [VRFC 10-311] analyzing module myproject_mac_muladd_8ns_4ns_12s_13_1_0_DSP48_63
INFO: [VRFC 10-311] analyzing module myproject_mac_muladd_8ns_4ns_12s_13_1_0
INFO: [VRFC 10-2263] Analyzing SystemVerilog file "/home/mohamed/Nile_intern/Tasks/Mobilenet_project/test/lenet_project/lenet5_hls_100/myproject_prj/solution1/sim/verilog/myproject_mac_muladd_16s_7ns_25s_26_1_0.v" into library xil_defaultlib
INFO: [VRFC 10-311] analyzing module myproject_mac_muladd_16s_7ns_25s_26_1_0_DSP48_15
INFO: [VRFC 10-311] analyzing module myproject_mac_muladd_16s_7ns_25s_26_1_0
INFO: [VRFC 10-2263] Analyzing SystemVerilog file "/home/mohamed/Nile_intern/Tasks/Mobilenet_project/test/lenet_project/lenet5_hls_100/myproject_prj/solution1/sim/verilog/myproject_mul_16s_6s_22_1_0.v" into library xil_defaultlib
INFO: [VRFC 10-311] analyzing module myproject_mul_16s_6s_22_1_0
INFO: [VRFC 10-2263] Analyzing SystemVerilog file "/home/mohamed/Nile_intern/Tasks/Mobilenet_project/test/lenet_project/lenet5_hls_100/myproject_prj/solution1/sim/verilog/myproject_mac_muladd_8ns_6ns_16ns_17_1_0.v" into library xil_defaultlib
INFO: [VRFC 10-311] analyzing module myproject_mac_muladd_8ns_6ns_16ns_17_1_0_DSP48_101
INFO: [VRFC 10-311] analyzing module myproject_mac_muladd_8ns_6ns_16ns_17_1_0
INFO: [VRFC 10-2263] Analyzing SystemVerilog file "/home/mohamed/Nile_intern/Tasks/Mobilenet_project/test/lenet_project/lenet5_hls_100/myproject_prj/solution1/sim/verilog/myproject_start_for_softmax_array_array_ap_fixed_16_6_5_3_0_10u_softmax_config19_U0.v" into library xil_defaultlib
INFO: [VRFC 10-311] analyzing module myproject_start_for_softmax_array_array_ap_fixed_16_6_5_3_0_10u_softmax_config19_U0
INFO: [VRFC 10-311] analyzing module myproject_start_for_softmax_array_array_ap_fixed_16_6_5_3_0_10u_softmax_config19_U0_ShiftReg
INFO: [VRFC 10-2263] Analyzing SystemVerilog file "/home/mohamed/Nile_intern/Tasks/Mobilenet_project/test/lenet_project/lenet5_hls_100/myproject_prj/solution1/sim/verilog/myproject_mac_muladd_8ns_5ns_15ns_15_1_0.v" into library xil_defaultlib
INFO: [VRFC 10-311] analyzing module myproject_mac_muladd_8ns_5ns_15ns_15_1_0_DSP48_40
INFO: [VRFC 10-311] analyzing module myproject_mac_muladd_8ns_5ns_15ns_15_1_0
INFO: [VRFC 10-2263] Analyzing SystemVerilog file "/home/mohamed/Nile_intern/Tasks/Mobilenet_project/test/lenet_project/lenet5_hls_100/myproject_prj/solution1/sim/verilog/myproject_mac_muladd_8ns_8s_19s_19_1_0.v" into library xil_defaultlib
INFO: [VRFC 10-311] analyzing module myproject_mac_muladd_8ns_8s_19s_19_1_0_DSP48_107
INFO: [VRFC 10-311] analyzing module myproject_mac_muladd_8ns_8s_19s_19_1_0
INFO: [VRFC 10-2263] Analyzing SystemVerilog file "/home/mohamed/Nile_intern/Tasks/Mobilenet_project/test/lenet_project/lenet5_hls_100/myproject_prj/solution1/sim/verilog/myproject_shift_line_buffer_array_ap_fixed_16_6_5_3_0_1u_config2_s.v" into library xil_defaultlib
INFO: [VRFC 10-311] analyzing module myproject_shift_line_buffer_array_ap_fixed_16_6_5_3_0_1u_config2_s
INFO: [VRFC 10-2263] Analyzing SystemVerilog file "/home/mohamed/Nile_intern/Tasks/Mobilenet_project/test/lenet_project/lenet5_hls_100/myproject_prj/solution1/sim/verilog/myproject_mac_muladd_8ns_5ns_13s_14_1_0.v" into library xil_defaultlib
INFO: [VRFC 10-311] analyzing module myproject_mac_muladd_8ns_5ns_13s_14_1_0_DSP48_78
INFO: [VRFC 10-311] analyzing module myproject_mac_muladd_8ns_5ns_13s_14_1_0
INFO: [VRFC 10-2263] Analyzing SystemVerilog file "/home/mohamed/Nile_intern/Tasks/Mobilenet_project/test/lenet_project/lenet5_hls_100/myproject_prj/solution1/sim/verilog/myproject_mac_muladd_8ns_7s_16ns_17_1_0.v" into library xil_defaultlib
INFO: [VRFC 10-311] analyzing module myproject_mac_muladd_8ns_7s_16ns_17_1_0_DSP48_44
INFO: [VRFC 10-311] analyzing module myproject_mac_muladd_8ns_7s_16ns_17_1_0
INFO: [VRFC 10-2263] Analyzing SystemVerilog file "/home/mohamed/Nile_intern/Tasks/Mobilenet_project/test/lenet_project/lenet5_hls_100/myproject_prj/solution1/sim/verilog/myproject_mul_8ns_8s_16_1_0.v" into library xil_defaultlib
INFO: [VRFC 10-311] analyzing module myproject_mul_8ns_8s_16_1_0
INFO: [VRFC 10-2263] Analyzing SystemVerilog file "/home/mohamed/Nile_intern/Tasks/Mobilenet_project/test/lenet_project/lenet5_hls_100/myproject_prj/solution1/sim/verilog/myproject_softmax_stable_array_array_ap_fixed_16_6_5_3_0_10u_softmax_config19_s_invert_2iS.v" into library xil_defaultlib
INFO: [VRFC 10-311] analyzing module myproject_softmax_stable_array_array_ap_fixed_16_6_5_3_0_10u_softmax_config19_s_invert_2iS
INFO: [VRFC 10-2263] Analyzing SystemVerilog file "/home/mohamed/Nile_intern/Tasks/Mobilenet_project/test/lenet_project/lenet5_hls_100/myproject_prj/solution1/sim/verilog/myproject_mac_muladd_16s_8s_20s_23_1_0.v" into library xil_defaultlib
INFO: [VRFC 10-311] analyzing module myproject_mac_muladd_16s_8s_20s_23_1_0_DSP48_2
INFO: [VRFC 10-311] analyzing module myproject_mac_muladd_16s_8s_20s_23_1_0
INFO: [VRFC 10-2263] Analyzing SystemVerilog file "/home/mohamed/Nile_intern/Tasks/Mobilenet_project/test/lenet_project/lenet5_hls_100/myproject_prj/solution1/sim/verilog/myproject_normalize_array_ap_fixed_6u_array_ap_fixed_16_6_5_3_0_6u_config20_s.v" into library xil_defaultlib
INFO: [VRFC 10-311] analyzing module myproject_normalize_array_ap_fixed_6u_array_ap_fixed_16_6_5_3_0_6u_config20_s
INFO: [VRFC 10-2263] Analyzing SystemVerilog file "/home/mohamed/Nile_intern/Tasks/Mobilenet_project/test/lenet_project/lenet5_hls_100/myproject_prj/solution1/sim/verilog/myproject_mul_16s_8s_24_1_0.v" into library xil_defaultlib
INFO: [VRFC 10-311] analyzing module myproject_mul_16s_8s_24_1_0
INFO: [VRFC 10-2263] Analyzing SystemVerilog file "/home/mohamed/Nile_intern/Tasks/Mobilenet_project/test/lenet_project/lenet5_hls_100/myproject_prj/solution1/sim/verilog/myproject_mac_muladd_8ns_5ns_14s_14_1_0.v" into library xil_defaultlib
INFO: [VRFC 10-311] analyzing module myproject_mac_muladd_8ns_5ns_14s_14_1_0_DSP48_105
INFO: [VRFC 10-311] analyzing module myproject_mac_muladd_8ns_5ns_14s_14_1_0
INFO: [VRFC 10-2263] Analyzing SystemVerilog file "/home/mohamed/Nile_intern/Tasks/Mobilenet_project/test/lenet_project/lenet5_hls_100/myproject_prj/solution1/sim/verilog/myproject_mac_muladd_8ns_7ns_14s_16_1_0.v" into library xil_defaultlib
INFO: [VRFC 10-311] analyzing module myproject_mac_muladd_8ns_7ns_14s_16_1_0_DSP48_59
INFO: [VRFC 10-311] analyzing module myproject_mac_muladd_8ns_7ns_14s_16_1_0
INFO: [VRFC 10-2263] Analyzing SystemVerilog file "/home/mohamed/Nile_intern/Tasks/Mobilenet_project/test/lenet_project/lenet5_hls_100/myproject_prj/solution1/sim/verilog/myproject_mac_muladd_16s_6ns_20s_22_1_0.v" into library xil_defaultlib
INFO: [VRFC 10-311] analyzing module myproject_mac_muladd_16s_6ns_20s_22_1_0_DSP48_5
INFO: [VRFC 10-311] analyzing module myproject_mac_muladd_16s_6ns_20s_22_1_0
INFO: [VRFC 10-2263] Analyzing SystemVerilog file "/home/mohamed/Nile_intern/Tasks/Mobilenet_project/test/lenet_project/lenet5_hls_100/myproject_prj/solution1/sim/verilog/myproject_start_for_normalize_array_ap_fixed_6u_array_ap_fixed_16_6_5_3_0_6u_config20_U0.v" into library xil_defaultlib
INFO: [VRFC 10-311] analyzing module myproject_start_for_normalize_array_ap_fixed_6u_array_ap_fixed_16_6_5_3_0_6u_config20_U0
INFO: [VRFC 10-311] analyzing module myproject_start_for_normalize_array_ap_fixed_6u_array_ap_fixed_16_6_5_3_0_6u_config20_U0_ShiftReg
INFO: [VRFC 10-2263] Analyzing SystemVerilog file "/home/mohamed/Nile_intern/Tasks/Mobilenet_project/test/lenet_project/lenet5_hls_100/myproject_prj/solution1/sim/verilog/myproject_mac_muladd_8ns_5ns_15s_15_1_0.v" into library xil_defaultlib
INFO: [VRFC 10-311] analyzing module myproject_mac_muladd_8ns_5ns_15s_15_1_0_DSP48_92
INFO: [VRFC 10-311] analyzing module myproject_mac_muladd_8ns_5ns_15s_15_1_0
INFO: [VRFC 10-2263] Analyzing SystemVerilog file "/home/mohamed/Nile_intern/Tasks/Mobilenet_project/test/lenet_project/lenet5_hls_100/myproject_prj/solution1/sim/verilog/myproject_mac_muladd_16s_6s_21s_22_1_0.v" into library xil_defaultlib
INFO: [VRFC 10-311] analyzing module myproject_mac_muladd_16s_6s_21s_22_1_0_DSP48_4
INFO: [VRFC 10-311] analyzing module myproject_mac_muladd_16s_6s_21s_22_1_0
INFO: [VRFC 10-2263] Analyzing SystemVerilog file "/home/mohamed/Nile_intern/Tasks/Mobilenet_project/test/lenet_project/lenet5_hls_100/myproject_prj/solution1/sim/verilog/myproject_softmax_array_array_ap_fixed_16_6_5_3_0_10u_softmax_config19_s.v" into library xil_defaultlib
INFO: [VRFC 10-311] analyzing module myproject_softmax_array_array_ap_fixed_16_6_5_3_0_10u_softmax_config19_s
INFO: [VRFC 10-2263] Analyzing SystemVerilog file "/home/mohamed/Nile_intern/Tasks/Mobilenet_project/test/lenet_project/lenet5_hls_100/myproject_prj/solution1/sim/verilog/myproject_mac_muladd_8ns_6s_10ns_14_1_0.v" into library xil_defaultlib
INFO: [VRFC 10-311] analyzing module myproject_mac_muladd_8ns_6s_10ns_14_1_0_DSP48_33
INFO: [VRFC 10-311] analyzing module myproject_mac_muladd_8ns_6s_10ns_14_1_0
INFO: [VRFC 10-2263] Analyzing SystemVerilog file "/home/mohamed/Nile_intern/Tasks/Mobilenet_project/test/lenet_project/lenet5_hls_100/myproject_prj/solution1/sim/verilog/myproject_mac_muladd_8ns_7s_16s_17_1_0.v" into library xil_defaultlib
INFO: [VRFC 10-311] analyzing module myproject_mac_muladd_8ns_7s_16s_17_1_0_DSP48_47
INFO: [VRFC 10-311] analyzing module myproject_mac_muladd_8ns_7s_16s_17_1_0
INFO: [VRFC 10-2263] Analyzing SystemVerilog file "/home/mohamed/Nile_intern/Tasks/Mobilenet_project/test/lenet_project/lenet5_hls_100/myproject_prj/solution1/sim/verilog/myproject_mac_muladd_8ns_6ns_14ns_15_1_0.v" into library xil_defaultlib
INFO: [VRFC 10-311] analyzing module myproject_mac_muladd_8ns_6ns_14ns_15_1_0_DSP48_30
INFO: [VRFC 10-311] analyzing module myproject_mac_muladd_8ns_6ns_14ns_15_1_0
INFO: [VRFC 10-2263] Analyzing SystemVerilog file "/home/mohamed/Nile_intern/Tasks/Mobilenet_project/test/lenet_project/lenet5_hls_100/myproject_prj/solution1/sim/verilog/myproject_start_for_normalize_array_ap_fixed_84u_array_ap_fixed_16_6_5_3_0_84u_config236jw.v" into library xil_defaultlib
INFO: [VRFC 10-311] analyzing module myproject_start_for_normalize_array_ap_fixed_84u_array_ap_fixed_16_6_5_3_0_84u_config236jw
INFO: [VRFC 10-311] analyzing module myproject_start_for_normalize_array_ap_fixed_84u_array_ap_fixed_16_6_5_3_0_84u_config236jw_ShiftReg
INFO: [VRFC 10-2263] Analyzing SystemVerilog file "/home/mohamed/Nile_intern/Tasks/Mobilenet_project/test/lenet_project/lenet5_hls_100/myproject_prj/solution1/sim/verilog/AESL_deadlock_detection_unit.v" into library xil_defaultlib
INFO: [VRFC 10-311] analyzing module AESL_deadlock_detect_unit
INFO: [VRFC 10-2263] Analyzing SystemVerilog file "/home/mohamed/Nile_intern/Tasks/Mobilenet_project/test/lenet_project/lenet5_hls_100/myproject_prj/solution1/sim/verilog/myproject_mac_muladd_8ns_6s_14s_14_1_0.v" into library xil_defaultlib
INFO: [VRFC 10-311] analyzing module myproject_mac_muladd_8ns_6s_14s_14_1_0_DSP48_34
INFO: [VRFC 10-311] analyzing module myproject_mac_muladd_8ns_6s_14s_14_1_0
INFO: [VRFC 10-2263] Analyzing SystemVerilog file "/home/mohamed/Nile_intern/Tasks/Mobilenet_project/test/lenet_project/lenet5_hls_100/myproject_prj/solution1/sim/verilog/myproject_mac_muladd_8ns_6s_15ns_16_1_0.v" into library xil_defaultlib
INFO: [VRFC 10-311] analyzing module myproject_mac_muladd_8ns_6s_15ns_16_1_0_DSP48_93
INFO: [VRFC 10-311] analyzing module myproject_mac_muladd_8ns_6s_15ns_16_1_0
INFO: [VRFC 10-2263] Analyzing SystemVerilog file "/home/mohamed/Nile_intern/Tasks/Mobilenet_project/test/lenet_project/lenet5_hls_100/myproject_prj/solution1/sim/verilog/myproject_mac_muladd_8ns_8s_11ns_16_1_1.v" into library xil_defaultlib
INFO: [VRFC 10-311] analyzing module myproject_mac_muladd_8ns_8s_11ns_16_1_1_DSP48_113
INFO: [VRFC 10-311] analyzing module myproject_mac_muladd_8ns_8s_11ns_16_1_1
INFO: [VRFC 10-2263] Analyzing SystemVerilog file "/home/mohamed/Nile_intern/Tasks/Mobilenet_project/test/lenet_project/lenet5_hls_100/myproject_prj/solution1/sim/verilog/myproject_fifo_w256_d64_A.v" into library xil_defaultlib
INFO: [VRFC 10-311] analyzing module myproject_fifo_w256_d64_A
INFO: [VRFC 10-311] analyzing module myproject_fifo_w256_d64_A_ram
INFO: [VRFC 10-2263] Analyzing SystemVerilog file "/home/mohamed/Nile_intern/Tasks/Mobilenet_project/test/lenet_project/lenet5_hls_100/myproject_prj/solution1/sim/verilog/myproject_mac_muladd_8ns_4ns_14ns_15_1_0.v" into library xil_defaultlib
INFO: [VRFC 10-311] analyzing module myproject_mac_muladd_8ns_4ns_14ns_15_1_0_DSP48_70
INFO: [VRFC 10-311] analyzing module myproject_mac_muladd_8ns_4ns_14ns_15_1_0
INFO: [VRFC 10-2263] Analyzing SystemVerilog file "/home/mohamed/Nile_intern/Tasks/Mobilenet_project/test/lenet_project/lenet5_hls_100/myproject_prj/solution1/sim/verilog/myproject_mac_muladd_8ns_8s_17ns_18_1_0.v" into library xil_defaultlib
INFO: [VRFC 10-311] analyzing module myproject_mac_muladd_8ns_8s_17ns_18_1_0_DSP48_86
INFO: [VRFC 10-311] analyzing module myproject_mac_muladd_8ns_8s_17ns_18_1_0
INFO: [VRFC 10-2263] Analyzing SystemVerilog file "/home/mohamed/Nile_intern/Tasks/Mobilenet_project/test/lenet_project/lenet5_hls_100/myproject_prj/solution1/sim/verilog/myproject_relu_array_array_ap_ufixed_8_0_4_0_0_120u_relu_config13_s.v" into library xil_defaultlib
INFO: [VRFC 10-311] analyzing module myproject_relu_array_array_ap_ufixed_8_0_4_0_0_120u_relu_config13_s
INFO: [VRFC 10-2263] Analyzing SystemVerilog file "/home/mohamed/Nile_intern/Tasks/Mobilenet_project/test/lenet_project/lenet5_hls_100/myproject_prj/solution1/sim/verilog/myproject_dense_resource_rf_leq_nin_ap_fixed_ap_fixed_30_15_5_3_0_config2_mult_s.v" into library xil_defaultlib
INFO: [VRFC 10-311] analyzing module myproject_dense_resource_rf_leq_nin_ap_fixed_ap_fixed_30_15_5_3_0_config2_mult_s
INFO: [VRFC 10-2263] Analyzing SystemVerilog file "/home/mohamed/Nile_intern/Tasks/Mobilenet_project/test/lenet_project/lenet5_hls_100/myproject_prj/solution1/sim/verilog/myproject_shift_line_buffer_array_ap_ufixed_8_0_4_0_0_6u_config6_s_p_ZZN4nnet26conv_2d_lbW.v" into library xil_defaultlib
INFO: [VRFC 10-311] analyzing module myproject_shift_line_buffer_array_ap_ufixed_8_0_4_0_0_6u_config6_s_p_ZZN4nnet26conv_2d_lbW_core
INFO: [VRFC 10-311] analyzing module myproject_shift_line_buffer_array_ap_ufixed_8_0_4_0_0_6u_config6_s_p_ZZN4nnet26conv_2d_lbW
INFO: [VRFC 10-2263] Analyzing SystemVerilog file "/home/mohamed/Nile_intern/Tasks/Mobilenet_project/test/lenet_project/lenet5_hls_100/myproject_prj/solution1/sim/verilog/myproject_mac_muladd_8ns_6ns_13ns_15_1_1.v" into library xil_defaultlib
INFO: [VRFC 10-311] analyzing module myproject_mac_muladd_8ns_6ns_13ns_15_1_1_DSP48_119
INFO: [VRFC 10-311] analyzing module myproject_mac_muladd_8ns_6ns_13ns_15_1_1
INFO: [VRFC 10-2263] Analyzing SystemVerilog file "/home/mohamed/Nile_intern/Tasks/Mobilenet_project/test/lenet_project/lenet5_hls_100/myproject_prj/solution1/sim/verilog/myproject_mac_muladd_8ns_5s_12s_14_1_0.v" into library xil_defaultlib
INFO: [VRFC 10-311] analyzing module myproject_mac_muladd_8ns_5s_12s_14_1_0_DSP48_98
INFO: [VRFC 10-311] analyzing module myproject_mac_muladd_8ns_5s_12s_14_1_0
INFO: [VRFC 10-2263] Analyzing SystemVerilog file "/home/mohamed/Nile_intern/Tasks/Mobilenet_project/test/lenet_project/lenet5_hls_100/myproject_prj/solution1/sim/verilog/myproject_mac_muladd_8ns_4ns_8ns_12_1_0.v" into library xil_defaultlib
INFO: [VRFC 10-311] analyzing module myproject_mac_muladd_8ns_4ns_8ns_12_1_0_DSP48_28
INFO: [VRFC 10-311] analyzing module myproject_mac_muladd_8ns_4ns_8ns_12_1_0
INFO: [VRFC 10-2263] Analyzing SystemVerilog file "/home/mohamed/Nile_intern/Tasks/Mobilenet_project/test/lenet_project/lenet5_hls_100/myproject_prj/solution1/sim/verilog/myproject_start_for_normalize_array_ap_fixed_16u_array_ap_fixed_16_6_5_3_0_16u_config215jm.v" into library xil_defaultlib
INFO: [VRFC 10-311] analyzing module myproject_start_for_normalize_array_ap_fixed_16u_array_ap_fixed_16_6_5_3_0_16u_config215jm
INFO: [VRFC 10-311] analyzing module myproject_start_for_normalize_array_ap_fixed_16u_array_ap_fixed_16_6_5_3_0_16u_config215jm_ShiftReg
INFO: [VRFC 10-2263] Analyzing SystemVerilog file "/home/mohamed/Nile_intern/Tasks/Mobilenet_project/test/lenet_project/lenet5_hls_100/myproject_prj/solution1/sim/verilog/myproject_normalize_array_ap_fixed_16u_array_ap_fixed_16_6_5_3_0_16u_config21_s.v" into library xil_defaultlib
INFO: [VRFC 10-311] analyzing module myproject_normalize_array_ap_fixed_16u_array_ap_fixed_16_6_5_3_0_16u_config21_s
INFO: [VRFC 10-2263] Analyzing SystemVerilog file "/home/mohamed/Nile_intern/Tasks/Mobilenet_project/test/lenet_project/lenet5_hls_100/myproject_prj/solution1/sim/verilog/myproject_mac_muladd_16s_7ns_23s_24_1_0.v" into library xil_defaultlib
INFO: [VRFC 10-311] analyzing module myproject_mac_muladd_16s_7ns_23s_24_1_0_DSP48_6
INFO: [VRFC 10-311] analyzing module myproject_mac_muladd_16s_7ns_23s_24_1_0
INFO: [VRFC 10-2263] Analyzing SystemVerilog file "/home/mohamed/Nile_intern/Tasks/Mobilenet_project/test/lenet_project/lenet5_hls_100/myproject_prj/solution1/sim/verilog/myproject_pooling2d_cl_array_ap_ufixed_6u_array_ap_ufixed_8_0_4_0_0_6u_config5_s.v" into library xil_defaultlib
INFO: [VRFC 10-311] analyzing module myproject_pooling2d_cl_array_ap_ufixed_6u_array_ap_ufixed_8_0_4_0_0_6u_config5_s
INFO: [VRFC 10-2263] Analyzing SystemVerilog file "/home/mohamed/Nile_intern/Tasks/Mobilenet_project/test/lenet_project/lenet5_hls_100/myproject_prj/solution1/sim/verilog/myproject_relu_array_ap_fixed_6u_array_ap_ufixed_8_0_4_0_0_6u_relu_config4_s.v" into library xil_defaultlib
INFO: [VRFC 10-311] analyzing module myproject_relu_array_ap_fixed_6u_array_ap_ufixed_8_0_4_0_0_6u_relu_config4_s
INFO: [VRFC 10-2263] Analyzing SystemVerilog file "/home/mohamed/Nile_intern/Tasks/Mobilenet_project/test/lenet_project/lenet5_hls_100/myproject_prj/solution1/sim/verilog/myproject_fifo_w48_d576_A.v" into library xil_defaultlib
INFO: [VRFC 10-311] analyzing module myproject_fifo_w48_d576_A
INFO: [VRFC 10-311] analyzing module myproject_fifo_w48_d576_A_ram
INFO: [VRFC 10-2263] Analyzing SystemVerilog file "/home/mohamed/Nile_intern/Tasks/Mobilenet_project/test/lenet_project/lenet5_hls_100/myproject_prj/solution1/sim/verilog/myproject_start_for_dense_array_ap_ufixed_84u_array_ap_fixed_16_6_0_0_0_10u_config17_U0.v" into library xil_defaultlib
INFO: [VRFC 10-311] analyzing module myproject_start_for_dense_array_ap_ufixed_84u_array_ap_fixed_16_6_0_0_0_10u_config17_U0
INFO: [VRFC 10-311] analyzing module myproject_start_for_dense_array_ap_ufixed_84u_array_ap_fixed_16_6_0_0_0_10u_config17_U0_ShiftReg
INFO: [VRFC 10-2263] Analyzing SystemVerilog file "/home/mohamed/Nile_intern/Tasks/Mobilenet_project/test/lenet_project/lenet5_hls_100/myproject_prj/solution1/sim/verilog/myproject_mac_muladd_16s_8s_24s_24_1_0.v" into library xil_defaultlib
INFO: [VRFC 10-311] analyzing module myproject_mac_muladd_16s_8s_24s_24_1_0_DSP48_10
INFO: [VRFC 10-311] analyzing module myproject_mac_muladd_16s_8s_24s_24_1_0
INFO: [VRFC 10-2263] Analyzing SystemVerilog file "/home/mohamed/Nile_intern/Tasks/Mobilenet_project/test/lenet_project/lenet5_hls_100/myproject_prj/solution1/sim/verilog/myproject_mac_muladd_8ns_6s_14ns_15_1_0.v" into library xil_defaultlib
INFO: [VRFC 10-311] analyzing module myproject_mac_muladd_8ns_6s_14ns_15_1_0_DSP48_69
INFO: [VRFC 10-311] analyzing module myproject_mac_muladd_8ns_6s_14ns_15_1_0
INFO: [VRFC 10-2263] Analyzing SystemVerilog file "/home/mohamed/Nile_intern/Tasks/Mobilenet_project/test/lenet_project/lenet5_hls_100/myproject_prj/solution1/sim/verilog/myproject_mul_8s_8ns_16_1_1.v" into library xil_defaultlib
INFO: [VRFC 10-311] analyzing module myproject_mul_8s_8ns_16_1_1
INFO: [VRFC 10-2263] Analyzing SystemVerilog file "/home/mohamed/Nile_intern/Tasks/Mobilenet_project/test/lenet_project/lenet5_hls_100/myproject_prj/solution1/sim/verilog/myproject_mac_muladd_8ns_7s_10s_15_1_1.v" into library xil_defaultlib
INFO: [VRFC 10-311] analyzing module myproject_mac_muladd_8ns_7s_10s_15_1_1_DSP48_111
INFO: [VRFC 10-311] analyzing module myproject_mac_muladd_8ns_7s_10s_15_1_1
INFO: [VRFC 10-2263] Analyzing SystemVerilog file "/home/mohamed/Nile_intern/Tasks/Mobilenet_project/test/lenet_project/lenet5_hls_100/myproject_prj/solution1/sim/verilog/myproject_mac_muladd_8ns_6ns_8ns_14_1_0.v" into library xil_defaultlib
INFO: [VRFC 10-311] analyzing module myproject_mac_muladd_8ns_6ns_8ns_14_1_0_DSP48_75
INFO: [VRFC 10-311] analyzing module myproject_mac_muladd_8ns_6ns_8ns_14_1_0
INFO: [VRFC 10-2263] Analyzing SystemVerilog file "/home/mohamed/Nile_intern/Tasks/Mobilenet_project/test/lenet_project/lenet5_hls_100/myproject_prj/solution1/sim/verilog/myproject_mac_muladd_16s_8s_23s_24_1_0.v" into library xil_defaultlib
INFO: [VRFC 10-311] analyzing module myproject_mac_muladd_16s_8s_23s_24_1_0_DSP48_8
INFO: [VRFC 10-311] analyzing module myproject_mac_muladd_16s_8s_23s_24_1_0
INFO: [VRFC 10-2263] Analyzing SystemVerilog file "/home/mohamed/Nile_intern/Tasks/Mobilenet_project/test/lenet_project/lenet5_hls_100/myproject_prj/solution1/sim/verilog/myproject_mac_muladd_8ns_6ns_15ns_15_1_0.v" into library xil_defaultlib
INFO: [VRFC 10-311] analyzing module myproject_mac_muladd_8ns_6ns_15ns_15_1_0_DSP48_42
INFO: [VRFC 10-311] analyzing module myproject_mac_muladd_8ns_6ns_15ns_15_1_0
INFO: [VRFC 10-2263] Analyzing SystemVerilog file "/home/mohamed/Nile_intern/Tasks/Mobilenet_project/test/lenet_project/lenet5_hls_100/myproject_prj/solution1/sim/verilog/myproject_mac_muladd_8ns_7ns_16ns_17_1_0.v" into library xil_defaultlib
INFO: [VRFC 10-311] analyzing module myproject_mac_muladd_8ns_7ns_16ns_17_1_0_DSP48_87
INFO: [VRFC 10-311] analyzing module myproject_mac_muladd_8ns_7ns_16ns_17_1_0
INFO: [VRFC 10-2263] Analyzing SystemVerilog file "/home/mohamed/Nile_intern/Tasks/Mobilenet_project/test/lenet_project/lenet5_hls_100/myproject_prj/solution1/sim/verilog/myproject_mac_muladd_16s_5ns_22s_22_1_0.v" into library xil_defaultlib
INFO: [VRFC 10-311] analyzing module myproject_mac_muladd_16s_5ns_22s_22_1_0_DSP48_19
INFO: [VRFC 10-311] analyzing module myproject_mac_muladd_16s_5ns_22s_22_1_0
INFO: [VRFC 10-2263] Analyzing SystemVerilog file "/home/mohamed/Nile_intern/Tasks/Mobilenet_project/test/lenet_project/lenet5_hls_100/myproject_prj/solution1/sim/verilog/myproject_pooling2d_cl_array_ap_ufixed_6u_array_ap_ufixed_8_0_4_0_0_6u_config5_s_void_pfYi.v" into library xil_defaultlib
INFO: [VRFC 10-311] analyzing module myproject_pooling2d_cl_array_ap_ufixed_6u_array_ap_ufixed_8_0_4_0_0_6u_config5_s_void_pfYi_core
INFO: [VRFC 10-311] analyzing module myproject_pooling2d_cl_array_ap_ufixed_6u_array_ap_ufixed_8_0_4_0_0_6u_config5_s_void_pfYi
INFO: [VRFC 10-2263] Analyzing SystemVerilog file "/home/mohamed/Nile_intern/Tasks/Mobilenet_project/test/lenet_project/lenet5_hls_100/myproject_prj/solution1/sim/verilog/myproject_dense_array_ap_ufixed_120u_array_ap_fixed_24_11_5_3_0_84u_config14_s.v" into library xil_defaultlib
INFO: [VRFC 10-311] analyzing module myproject_dense_array_ap_ufixed_120u_array_ap_fixed_24_11_5_3_0_84u_config14_s
INFO: [VRFC 10-2263] Analyzing SystemVerilog file "/home/mohamed/Nile_intern/Tasks/Mobilenet_project/test/lenet_project/lenet5_hls_100/myproject_prj/solution1/sim/verilog/myproject_mac_muladd_8ns_4ns_13ns_14_1_0.v" into library xil_defaultlib
INFO: [VRFC 10-311] analyzing module myproject_mac_muladd_8ns_4ns_13ns_14_1_0_DSP48_25
INFO: [VRFC 10-311] analyzing module myproject_mac_muladd_8ns_4ns_13ns_14_1_0
INFO: [VRFC 10-2263] Analyzing SystemVerilog file "/home/mohamed/Nile_intern/Tasks/Mobilenet_project/test/lenet_project/lenet5_hls_100/myproject_prj/solution1/sim/verilog/myproject_start_for_pooling2d_cl_array_array_ap_ufixed_8_0_4_0_0_16u_config9_U0.v" into library xil_defaultlib
INFO: [VRFC 10-311] analyzing module myproject_start_for_pooling2d_cl_array_array_ap_ufixed_8_0_4_0_0_16u_config9_U0
INFO: [VRFC 10-311] analyzing module myproject_start_for_pooling2d_cl_array_array_ap_ufixed_8_0_4_0_0_16u_config9_U0_ShiftReg
INFO: [VRFC 10-2263] Analyzing SystemVerilog file "/home/mohamed/Nile_intern/Tasks/Mobilenet_project/test/lenet_project/lenet5_hls_100/myproject_prj/solution1/sim/verilog/myproject_mac_muladd_8ns_8s_17s_18_1_0.v" into library xil_defaultlib
INFO: [VRFC 10-311] analyzing module myproject_mac_muladd_8ns_8s_17s_18_1_0_DSP48_85
INFO: [VRFC 10-311] analyzing module myproject_mac_muladd_8ns_8s_17s_18_1_0
INFO: [VRFC 10-2263] Analyzing SystemVerilog file "/home/mohamed/Nile_intern/Tasks/Mobilenet_project/test/lenet_project/lenet5_hls_100/myproject_prj/solution1/sim/verilog/myproject_dense_array_ap_ufixed_120u_array_ap_fixed_24_11_5_3_0_84u_config14_s_w14_ROM_0iy.v" into library xil_defaultlib
INFO: [VRFC 10-311] analyzing module myproject_dense_array_ap_ufixed_120u_array_ap_fixed_24_11_5_3_0_84u_config14_s_w14_ROM_0iy
INFO: [VRFC 10-2263] Analyzing SystemVerilog file "/home/mohamed/Nile_intern/Tasks/Mobilenet_project/test/lenet_project/lenet5_hls_100/myproject_prj/solution1/sim/verilog/myproject_mul_8ns_7s_15_1_0.v" into library xil_defaultlib
INFO: [VRFC 10-311] analyzing module myproject_mul_8ns_7s_15_1_0
INFO: [VRFC 10-2263] Analyzing SystemVerilog file "/home/mohamed/Nile_intern/Tasks/Mobilenet_project/test/lenet_project/lenet5_hls_100/myproject_prj/solution1/sim/verilog/myproject_mac_muladd_8ns_8s_20s_21_1_0.v" into library xil_defaultlib
INFO: [VRFC 10-311] analyzing module myproject_mac_muladd_8ns_8s_20s_21_1_0_DSP48_102
INFO: [VRFC 10-311] analyzing module myproject_mac_muladd_8ns_8s_20s_21_1_0
INFO: [VRFC 10-2263] Analyzing SystemVerilog file "/home/mohamed/Nile_intern/Tasks/Mobilenet_project/test/lenet_project/lenet5_hls_100/myproject_prj/solution1/sim/verilog/myproject_dense_array_array_ap_fixed_25_12_5_3_0_120u_config11_Pipeline_DataPrepare.v" into library xil_defaultlib
INFO: [VRFC 10-311] analyzing module myproject_dense_array_array_ap_fixed_25_12_5_3_0_120u_config11_Pipeline_DataPrepare
INFO: [VRFC 10-2263] Analyzing SystemVerilog file "/home/mohamed/Nile_intern/Tasks/Mobilenet_project/test/lenet_project/lenet5_hls_100/myproject_prj/solution1/sim/verilog/myproject_mac_muladd_16s_6s_22s_22_1_0.v" into library xil_defaultlib
INFO: [VRFC 10-311] analyzing module myproject_mac_muladd_16s_6s_22s_22_1_0_DSP48_12
INFO: [VRFC 10-311] analyzing module myproject_mac_muladd_16s_6s_22s_22_1_0
INFO: [VRFC 10-2263] Analyzing SystemVerilog file "/home/mohamed/Nile_intern/Tasks/Mobilenet_project/test/lenet_project/lenet5_hls_100/myproject_prj/solution1/sim/verilog/myproject_mul_16s_7s_23_1_0.v" into library xil_defaultlib
INFO: [VRFC 10-311] analyzing module myproject_mul_16s_7s_23_1_0
INFO: [VRFC 10-2263] Analyzing SystemVerilog file "/home/mohamed/Nile_intern/Tasks/Mobilenet_project/test/lenet_project/lenet5_hls_100/myproject_prj/solution1/sim/verilog/myproject_flow_control_loop_pipe_sequential_init.v" into library xil_defaultlib
INFO: [VRFC 10-311] analyzing module myproject_flow_control_loop_pipe_sequential_init
INFO: [VRFC 10-2263] Analyzing SystemVerilog file "/home/mohamed/Nile_intern/Tasks/Mobilenet_project/test/lenet_project/lenet5_hls_100/myproject_prj/solution1/sim/verilog/myproject_mac_muladd_8ns_4ns_10ns_12_1_1.v" into library xil_defaultlib
INFO: [VRFC 10-311] analyzing module myproject_mac_muladd_8ns_4ns_10ns_12_1_1_DSP48_121
INFO: [VRFC 10-311] analyzing module myproject_mac_muladd_8ns_4ns_10ns_12_1_1
INFO: [VRFC 10-2263] Analyzing SystemVerilog file "/home/mohamed/Nile_intern/Tasks/Mobilenet_project/test/lenet_project/lenet5_hls_100/myproject_prj/solution1/sim/verilog/myproject_fifo_w960_d1_S.v" into library xil_defaultlib
INFO: [VRFC 10-311] analyzing module myproject_fifo_w960_d1_S
INFO: [VRFC 10-311] analyzing module myproject_fifo_w960_d1_S_ShiftReg
INFO: [VRFC 10-2263] Analyzing SystemVerilog file "/home/mohamed/Nile_intern/Tasks/Mobilenet_project/test/lenet_project/lenet5_hls_100/myproject_prj/solution1/sim/verilog/myproject_mac_muladd_8ns_5ns_14ns_14_1_0.v" into library xil_defaultlib
INFO: [VRFC 10-311] analyzing module myproject_mac_muladd_8ns_5ns_14ns_14_1_0_DSP48_53
INFO: [VRFC 10-311] analyzing module myproject_mac_muladd_8ns_5ns_14ns_14_1_0
INFO: [VRFC 10-2263] Analyzing SystemVerilog file "/home/mohamed/Nile_intern/Tasks/Mobilenet_project/test/lenet_project/lenet5_hls_100/myproject_prj/solution1/sim/verilog/myproject_mac_muladd_8ns_7s_16s_16_1_0.v" into library xil_defaultlib
INFO: [VRFC 10-311] analyzing module myproject_mac_muladd_8ns_7s_16s_16_1_0_DSP48_35
INFO: [VRFC 10-311] analyzing module myproject_mac_muladd_8ns_7s_16s_16_1_0
INFO: [VRFC 10-2263] Analyzing SystemVerilog file "/home/mohamed/Nile_intern/Tasks/Mobilenet_project/test/lenet_project/lenet5_hls_100/myproject_prj/solution1/sim/verilog/myproject_fifo_w1344_d1_S.v" into library xil_defaultlib
INFO: [VRFC 10-311] analyzing module myproject_fifo_w1344_d1_S
INFO: [VRFC 10-311] analyzing module myproject_fifo_w1344_d1_S_ShiftReg
INFO: [VRFC 10-2263] Analyzing SystemVerilog file "/home/mohamed/Nile_intern/Tasks/Mobilenet_project/test/lenet_project/lenet5_hls_100/myproject_prj/solution1/sim/verilog/myproject_mul_16s_8s_23_1_0.v" into library xil_defaultlib
INFO: [VRFC 10-311] analyzing module myproject_mul_16s_8s_23_1_0
INFO: [VRFC 10-2263] Analyzing SystemVerilog file "/home/mohamed/Nile_intern/Tasks/Mobilenet_project/test/lenet_project/lenet5_hls_100/myproject_prj/solution1/sim/verilog/myproject_mul_8ns_5s_13_1_0.v" into library xil_defaultlib
INFO: [VRFC 10-311] analyzing module myproject_mul_8ns_5s_13_1_0
INFO: [VRFC 10-2263] Analyzing SystemVerilog file "/home/mohamed/Nile_intern/Tasks/Mobilenet_project/test/lenet_project/lenet5_hls_100/myproject_prj/solution1/sim/verilog/AESL_deadlock_report_unit.v" into library xil_defaultlib
INFO: [VRFC 10-311] analyzing module AESL_deadlock_report_unit
INFO: [VRFC 10-2263] Analyzing SystemVerilog file "/home/mohamed/Nile_intern/Tasks/Mobilenet_project/test/lenet_project/lenet5_hls_100/myproject_prj/solution1/sim/verilog/myproject_mac_muladd_16s_7s_21s_23_1_0.v" into library xil_defaultlib
INFO: [VRFC 10-311] analyzing module myproject_mac_muladd_16s_7s_21s_23_1_0_DSP48_11
INFO: [VRFC 10-311] analyzing module myproject_mac_muladd_16s_7s_21s_23_1_0
INFO: [VRFC 10-2263] Analyzing SystemVerilog file "/home/mohamed/Nile_intern/Tasks/Mobilenet_project/test/lenet_project/lenet5_hls_100/myproject_prj/solution1/sim/verilog/myproject_mac_muladd_8s_8ns_16s_17_1_1.v" into library xil_defaultlib
INFO: [VRFC 10-311] analyzing module myproject_mac_muladd_8s_8ns_16s_17_1_1_DSP48_110
INFO: [VRFC 10-311] analyzing module myproject_mac_muladd_8s_8ns_16s_17_1_1
INFO: [VRFC 10-2263] Analyzing SystemVerilog file "/home/mohamed/Nile_intern/Tasks/Mobilenet_project/test/lenet_project/lenet5_hls_100/myproject_prj/solution1/sim/verilog/myproject_mul_8ns_6ns_13_1_0.v" into library xil_defaultlib
INFO: [VRFC 10-311] analyzing module myproject_mul_8ns_6ns_13_1_0
INFO: [VRFC 10-2263] Analyzing SystemVerilog file "/home/mohamed/Nile_intern/Tasks/Mobilenet_project/test/lenet_project/lenet5_hls_100/myproject_prj/solution1/sim/verilog/myproject_mac_muladd_8ns_5ns_13ns_14_1_0.v" into library xil_defaultlib
INFO: [VRFC 10-311] analyzing module myproject_mac_muladd_8ns_5ns_13ns_14_1_0_DSP48_26
INFO: [VRFC 10-311] analyzing module myproject_mac_muladd_8ns_5ns_13ns_14_1_0
INFO: [VRFC 10-2263] Analyzing SystemVerilog file "/home/mohamed/Nile_intern/Tasks/Mobilenet_project/test/lenet_project/lenet5_hls_100/myproject_prj/solution1/sim/verilog/myproject_mac_muladd_8ns_7s_14ns_15_1_0.v" into library xil_defaultlib
INFO: [VRFC 10-311] analyzing module myproject_mac_muladd_8ns_7s_14ns_15_1_0_DSP48_37
INFO: [VRFC 10-311] analyzing module myproject_mac_muladd_8ns_7s_14ns_15_1_0
INFO: [VRFC 10-2263] Analyzing SystemVerilog file "/home/mohamed/Nile_intern/Tasks/Mobilenet_project/test/lenet_project/lenet5_hls_100/myproject_prj/solution1/sim/verilog/myproject_fifo_w3000_d1_S.v" into library xil_defaultlib
INFO: [VRFC 10-311] analyzing module myproject_fifo_w3000_d1_S
INFO: [VRFC 10-311] analyzing module myproject_fifo_w3000_d1_S_ShiftReg
INFO: [VRFC 10-2263] Analyzing SystemVerilog file "/home/mohamed/Nile_intern/Tasks/Mobilenet_project/test/lenet_project/lenet5_hls_100/myproject_prj/solution1/sim/verilog/myproject_fifo_w1920_d1_S.v" into library xil_defaultlib
INFO: [VRFC 10-311] analyzing module myproject_fifo_w1920_d1_S
INFO: [VRFC 10-311] analyzing module myproject_fifo_w1920_d1_S_ShiftReg
INFO: [VRFC 10-2263] Analyzing SystemVerilog file "/home/mohamed/Nile_intern/Tasks/Mobilenet_project/test/lenet_project/lenet5_hls_100/myproject_prj/solution1/sim/verilog/myproject_mac_muladd_8ns_7ns_14ns_16_1_0.v" into library xil_defaultlib
INFO: [VRFC 10-311] analyzing module myproject_mac_muladd_8ns_7ns_14ns_16_1_0_DSP48_96
INFO: [VRFC 10-311] analyzing module myproject_mac_muladd_8ns_7ns_14ns_16_1_0
INFO: [VRFC 10-2263] Analyzing SystemVerilog file "/home/mohamed/Nile_intern/Tasks/Mobilenet_project/test/lenet_project/lenet5_hls_100/myproject_prj/solution1/sim/verilog/myproject_mac_muladd_8ns_6ns_14s_16_1_0.v" into library xil_defaultlib
INFO: [VRFC 10-311] analyzing module myproject_mac_muladd_8ns_6ns_14s_16_1_0_DSP48_68
INFO: [VRFC 10-311] analyzing module myproject_mac_muladd_8ns_6ns_14s_16_1_0
INFO: [VRFC 10-2263] Analyzing SystemVerilog file "/home/mohamed/Nile_intern/Tasks/Mobilenet_project/test/lenet_project/lenet5_hls_100/myproject_prj/solution1/sim/verilog/myproject_mac_muladd_8ns_8s_21s_22_1_0.v" into library xil_defaultlib
INFO: [VRFC 10-311] analyzing module myproject_mac_muladd_8ns_8s_21s_22_1_0_DSP48_109
INFO: [VRFC 10-311] analyzing module myproject_mac_muladd_8ns_8s_21s_22_1_0
INFO: [VRFC 10-2263] Analyzing SystemVerilog file "/home/mohamed/Nile_intern/Tasks/Mobilenet_project/test/lenet_project/lenet5_hls_100/myproject_prj/solution1/sim/verilog/myproject_mac_muladd_8ns_7s_13s_16_1_1.v" into library xil_defaultlib
INFO: [VRFC 10-311] analyzing module myproject_mac_muladd_8ns_7s_13s_16_1_1_DSP48_114
INFO: [VRFC 10-311] analyzing module myproject_mac_muladd_8ns_7s_13s_16_1_1
INFO: [VRFC 10-2263] Analyzing SystemVerilog file "/home/mohamed/Nile_intern/Tasks/Mobilenet_project/test/lenet_project/lenet5_hls_100/myproject_prj/solution1/sim/verilog/myproject_mac_muladd_8ns_5ns_11s_14_1_1.v" into library xil_defaultlib
INFO: [VRFC 10-311] analyzing module myproject_mac_muladd_8ns_5ns_11s_14_1_1_DSP48_118
INFO: [VRFC 10-311] analyzing module myproject_mac_muladd_8ns_5ns_11s_14_1_1
INFO: [VRFC 10-2263] Analyzing SystemVerilog file "/home/mohamed/Nile_intern/Tasks/Mobilenet_project/test/lenet_project/lenet5_hls_100/myproject_prj/solution1/sim/verilog/myproject_start_for_pooling2d_cl_array_ap_ufixed_6u_array_ap_ufixed_8_0_4_0_0_6u_config3i2.v" into library xil_defaultlib
INFO: [VRFC 10-311] analyzing module myproject_start_for_pooling2d_cl_array_ap_ufixed_6u_array_ap_ufixed_8_0_4_0_0_6u_config3i2
INFO: [VRFC 10-311] analyzing module myproject_start_for_pooling2d_cl_array_ap_ufixed_6u_array_ap_ufixed_8_0_4_0_0_6u_config3i2_ShiftReg
INFO: [VRFC 10-2263] Analyzing SystemVerilog file "/home/mohamed/Nile_intern/Tasks/Mobilenet_project/test/lenet_project/lenet5_hls_100/myproject_prj/solution1/sim/verilog/myproject_mac_muladd_8ns_5s_13s_14_1_0.v" into library xil_defaultlib
INFO: [VRFC 10-311] analyzing module myproject_mac_muladd_8ns_5s_13s_14_1_0_DSP48_57
INFO: [VRFC 10-311] analyzing module myproject_mac_muladd_8ns_5s_13s_14_1_0
INFO: [VRFC 10-2263] Analyzing SystemVerilog file "/home/mohamed/Nile_intern/Tasks/Mobilenet_project/test/lenet_project/lenet5_hls_100/myproject_prj/solution1/sim/verilog/myproject_start_for_relu_array_ap_fixed_6u_array_ap_ufixed_8_0_4_0_0_6u_relu_config4_U0.v" into library xil_defaultlib
INFO: [VRFC 10-311] analyzing module myproject_start_for_relu_array_ap_fixed_6u_array_ap_ufixed_8_0_4_0_0_6u_relu_config4_U0
INFO: [VRFC 10-311] analyzing module myproject_start_for_relu_array_ap_fixed_6u_array_ap_ufixed_8_0_4_0_0_6u_relu_config4_U0_ShiftReg
INFO: [VRFC 10-2263] Analyzing SystemVerilog file "/home/mohamed/Nile_intern/Tasks/Mobilenet_project/test/lenet_project/lenet5_hls_100/myproject_prj/solution1/sim/verilog/AESL_axi_s_layer19_out.v" into library xil_defaultlib
INFO: [VRFC 10-311] analyzing module AESL_axi_s_layer19_out
INFO: [VRFC 10-2263] Analyzing SystemVerilog file "/home/mohamed/Nile_intern/Tasks/Mobilenet_project/test/lenet_project/lenet5_hls_100/myproject_prj/solution1/sim/verilog/myproject_mac_muladd_8ns_7ns_11ns_15_1_0.v" into library xil_defaultlib
INFO: [VRFC 10-311] analyzing module myproject_mac_muladd_8ns_7ns_11ns_15_1_0_DSP48_76
INFO: [VRFC 10-311] analyzing module myproject_mac_muladd_8ns_7ns_11ns_15_1_0
INFO: [VRFC 10-2263] Analyzing SystemVerilog file "/home/mohamed/Nile_intern/Tasks/Mobilenet_project/test/lenet_project/lenet5_hls_100/myproject_prj/solution1/sim/verilog/myproject_mac_muladd_16s_8s_25s_26_1_0.v" into library xil_defaultlib
INFO: [VRFC 10-311] analyzing module myproject_mac_muladd_16s_8s_25s_26_1_0_DSP48_20
INFO: [VRFC 10-311] analyzing module myproject_mac_muladd_16s_8s_25s_26_1_0
INFO: [VRFC 10-2263] Analyzing SystemVerilog file "/home/mohamed/Nile_intern/Tasks/Mobilenet_project/test/lenet_project/lenet5_hls_100/myproject_prj/solution1/sim/verilog/myproject_mac_muladd_8ns_6ns_14s_15_1_0.v" into library xil_defaultlib
INFO: [VRFC 10-311] analyzing module myproject_mac_muladd_8ns_6ns_14s_15_1_0_DSP48_27
INFO: [VRFC 10-311] analyzing module myproject_mac_muladd_8ns_6ns_14s_15_1_0
INFO: [VRFC 10-2263] Analyzing SystemVerilog file "/home/mohamed/Nile_intern/Tasks/Mobilenet_project/test/lenet_project/lenet5_hls_100/myproject_prj/solution1/sim/verilog/myproject_mac_muladd_16s_8s_24s_25_1_0.v" into library xil_defaultlib
INFO: [VRFC 10-311] analyzing module myproject_mac_muladd_16s_8s_24s_25_1_0_DSP48_21
INFO: [VRFC 10-311] analyzing module myproject_mac_muladd_16s_8s_24s_25_1_0
INFO: [VRFC 10-2263] Analyzing SystemVerilog file "/home/mohamed/Nile_intern/Tasks/Mobilenet_project/test/lenet_project/lenet5_hls_100/myproject_prj/solution1/sim/verilog/myproject_mac_muladd_8ns_7ns_16s_17_1_0.v" into library xil_defaultlib
INFO: [VRFC 10-311] analyzing module myproject_mac_muladd_8ns_7ns_16s_17_1_0_DSP48_95
INFO: [VRFC 10-311] analyzing module myproject_mac_muladd_8ns_7ns_16s_17_1_0
INFO: [VRFC 10-2263] Analyzing SystemVerilog file "/home/mohamed/Nile_intern/Tasks/Mobilenet_project/test/lenet_project/lenet5_hls_100/myproject_prj/solution1/sim/verilog/myproject_start_for_relu_array_ap_fixed_84u_array_ap_ufixed_8_0_4_0_0_84u_relu_config167jG.v" into library xil_defaultlib
INFO: [VRFC 10-311] analyzing module myproject_start_for_relu_array_ap_fixed_84u_array_ap_ufixed_8_0_4_0_0_84u_relu_config167jG
INFO: [VRFC 10-311] analyzing module myproject_start_for_relu_array_ap_fixed_84u_array_ap_ufixed_8_0_4_0_0_84u_relu_config167jG_ShiftReg
INFO: [VRFC 10-2263] Analyzing SystemVerilog file "/home/mohamed/Nile_intern/Tasks/Mobilenet_project/test/lenet_project/lenet5_hls_100/myproject_prj/solution1/sim/verilog/myproject_dense_array_ap_ufixed_16u_array_ap_fixed_25_12_5_3_0_120u_config11_s_w11_ROM_Zio.v" into library xil_defaultlib
INFO: [VRFC 10-311] analyzing module myproject_dense_array_ap_ufixed_16u_array_ap_fixed_25_12_5_3_0_120u_config11_s_w11_ROM_Zio
INFO: [VRFC 10-2263] Analyzing SystemVerilog file "/home/mohamed/Nile_intern/Tasks/Mobilenet_project/test/lenet_project/lenet5_hls_100/myproject_prj/solution1/sim/verilog/myproject_mac_muladd_8ns_5s_14s_15_1_0.v" into library xil_defaultlib
INFO: [VRFC 10-311] analyzing module myproject_mac_muladd_8ns_5s_14s_15_1_0_DSP48_38
INFO: [VRFC 10-311] analyzing module myproject_mac_muladd_8ns_5s_14s_15_1_0
INFO: [VRFC 10-2263] Analyzing SystemVerilog file "/home/mohamed/Nile_intern/Tasks/Mobilenet_project/test/lenet_project/lenet5_hls_100/myproject_prj/solution1/sim/verilog/myproject_mac_muladd_8ns_4ns_13ns_13_1_0.v" into library xil_defaultlib
INFO: [VRFC 10-311] analyzing module myproject_mac_muladd_8ns_4ns_13ns_13_1_0_DSP48_62
INFO: [VRFC 10-311] analyzing module myproject_mac_muladd_8ns_4ns_13ns_13_1_0
INFO: [VRFC 10-2263] Analyzing SystemVerilog file "/home/mohamed/Nile_intern/Tasks/Mobilenet_project/test/lenet_project/lenet5_hls_100/myproject_prj/solution1/sim/verilog/myproject_fifo_w128_d16_A.v" into library xil_defaultlib
INFO: [VRFC 10-311] analyzing module myproject_fifo_w128_d16_A
INFO: [VRFC 10-311] analyzing module myproject_fifo_w128_d16_A_ram
INFO: [VRFC 10-2263] Analyzing SystemVerilog file "/home/mohamed/Nile_intern/Tasks/Mobilenet_project/test/lenet_project/lenet5_hls_100/myproject_prj/solution1/sim/verilog/myproject_mac_muladd_8ns_6ns_10ns_14_1_0.v" into library xil_defaultlib
INFO: [VRFC 10-311] analyzing module myproject_mac_muladd_8ns_6ns_10ns_14_1_0_DSP48_56
INFO: [VRFC 10-311] analyzing module myproject_mac_muladd_8ns_6ns_10ns_14_1_0
INFO: [VRFC 10-2263] Analyzing SystemVerilog file "/home/mohamed/Nile_intern/Tasks/Mobilenet_project/test/lenet_project/lenet5_hls_100/myproject_prj/solution1/sim/verilog/myproject_mac_muladd_8ns_5ns_12ns_13_1_1.v" into library xil_defaultlib
INFO: [VRFC 10-311] analyzing module myproject_mac_muladd_8ns_5ns_12ns_13_1_1_DSP48_116
INFO: [VRFC 10-311] analyzing module myproject_mac_muladd_8ns_5ns_12ns_13_1_1
INFO: [VRFC 10-2263] Analyzing SystemVerilog file "/home/mohamed/Nile_intern/Tasks/Mobilenet_project/test/lenet_project/lenet5_hls_100/myproject_prj/solution1/sim/verilog/myproject_mac_muladd_8ns_6s_16ns_17_1_0.v" into library xil_defaultlib
INFO: [VRFC 10-311] analyzing module myproject_mac_muladd_8ns_6s_16ns_17_1_0_DSP48_81
INFO: [VRFC 10-311] analyzing module myproject_mac_muladd_8ns_6s_16ns_17_1_0
INFO: [VRFC 10-2263] Analyzing SystemVerilog file "/home/mohamed/Nile_intern/Tasks/Mobilenet_project/test/lenet_project/lenet5_hls_100/myproject_prj/solution1/sim/verilog/myproject_mac_muladd_16s_7ns_24s_24_1_0.v" into library xil_defaultlib
INFO: [VRFC 10-311] analyzing module myproject_mac_muladd_16s_7ns_24s_24_1_0_DSP48_9
INFO: [VRFC 10-311] analyzing module myproject_mac_muladd_16s_7ns_24s_24_1_0
INFO: [VRFC 10-2263] Analyzing SystemVerilog file "/home/mohamed/Nile_intern/Tasks/Mobilenet_project/test/lenet_project/lenet5_hls_100/myproject_prj/solution1/sim/verilog/myproject_fifo_w180_d576_A.v" into library xil_defaultlib
INFO: [VRFC 10-311] analyzing module myproject_fifo_w180_d576_A
INFO: [VRFC 10-311] analyzing module myproject_fifo_w180_d576_A_ram
INFO: [VRFC 10-2263] Analyzing SystemVerilog file "/home/mohamed/Nile_intern/Tasks/Mobilenet_project/test/lenet_project/lenet5_hls_100/myproject_prj/solution1/sim/verilog/myproject_conv_2d_cl_array_ap_ufixed_6u_array_ap_fixed_25_12_5_3_0_16u_config6_s.v" into library xil_defaultlib
INFO: [VRFC 10-311] analyzing module myproject_conv_2d_cl_array_ap_ufixed_6u_array_ap_fixed_25_12_5_3_0_16u_config6_s
INFO: [VRFC 10-2263] Analyzing SystemVerilog file "/home/mohamed/Nile_intern/Tasks/Mobilenet_project/test/lenet_project/lenet5_hls_100/myproject_prj/solution1/sim/verilog/myproject_softmax_stable_array_array_ap_fixed_16_6_5_3_0_10u_softmax_config19_s.v" into library xil_defaultlib
INFO: [VRFC 10-311] analyzing module myproject_softmax_stable_array_array_ap_fixed_16_6_5_3_0_10u_softmax_config19_s
INFO: [VRFC 10-2263] Analyzing SystemVerilog file "/home/mohamed/Nile_intern/Tasks/Mobilenet_project/test/lenet_project/lenet5_hls_100/myproject_prj/solution1/sim/verilog/myproject_regslice_both.v" into library xil_defaultlib
INFO: [VRFC 10-311] analyzing module myproject_regslice_both
INFO: [VRFC 10-311] analyzing module myproject_regslice_both_w1
INFO: [VRFC 10-2263] Analyzing SystemVerilog file "/home/mohamed/Nile_intern/Tasks/Mobilenet_project/test/lenet_project/lenet5_hls_100/myproject_prj/solution1/sim/verilog/myproject_mul_16s_8ns_24_1_0.v" into library xil_defaultlib
INFO: [VRFC 10-311] analyzing module myproject_mul_16s_8ns_24_1_0
INFO: [VRFC 10-2263] Analyzing SystemVerilog file "/home/mohamed/Nile_intern/Tasks/Mobilenet_project/test/lenet_project/lenet5_hls_100/myproject_prj/solution1/sim/verilog/myproject_mac_muladd_16s_6ns_24s_24_1_0.v" into library xil_defaultlib
INFO: [VRFC 10-311] analyzing module myproject_mac_muladd_16s_6ns_24s_24_1_0_DSP48_14
INFO: [VRFC 10-311] analyzing module myproject_mac_muladd_16s_6ns_24s_24_1_0
INFO: [VRFC 10-2263] Analyzing SystemVerilog file "/home/mohamed/Nile_intern/Tasks/Mobilenet_project/test/lenet_project/lenet5_hls_100/myproject_prj/solution1/sim/verilog/myproject_mac_muladd_8ns_8s_16ns_17_1_0.v" into library xil_defaultlib
INFO: [VRFC 10-311] analyzing module myproject_mac_muladd_8ns_8s_16ns_17_1_0_DSP48_48
INFO: [VRFC 10-311] analyzing module myproject_mac_muladd_8ns_8s_16ns_17_1_0
INFO: [VRFC 10-2263] Analyzing SystemVerilog file "/home/mohamed/Nile_intern/Tasks/Mobilenet_project/test/lenet_project/lenet5_hls_100/myproject_prj/solution1/sim/verilog/myproject_fifo_w96_d576_A.v" into library xil_defaultlib
INFO: [VRFC 10-311] analyzing module myproject_fifo_w96_d576_A
INFO: [VRFC 10-311] analyzing module myproject_fifo_w96_d576_A_ram
INFO: [VRFC 10-2263] Analyzing SystemVerilog file "/home/mohamed/Nile_intern/Tasks/Mobilenet_project/test/lenet_project/lenet5_hls_100/myproject_prj/solution1/sim/verilog/myproject_mac_muladd_16s_7s_22s_23_1_0.v" into library xil_defaultlib
INFO: [VRFC 10-311] analyzing module myproject_mac_muladd_16s_7s_22s_23_1_0_DSP48_17
INFO: [VRFC 10-311] analyzing module myproject_mac_muladd_16s_7s_22s_23_1_0
INFO: [VRFC 10-2263] Analyzing SystemVerilog file "/home/mohamed/Nile_intern/Tasks/Mobilenet_project/test/lenet_project/lenet5_hls_100/myproject_prj/solution1/sim/verilog/myproject_shift_line_buffer_array_ap_ufixed_8_0_4_0_0_6u_config6_s.v" into library xil_defaultlib
INFO: [VRFC 10-311] analyzing module myproject_shift_line_buffer_array_ap_ufixed_8_0_4_0_0_6u_config6_s
INFO: [VRFC 10-2263] Analyzing SystemVerilog file "/home/mohamed/Nile_intern/Tasks/Mobilenet_project/test/lenet_project/lenet5_hls_100/myproject_prj/solution1/sim/verilog/myproject_mul_8ns_7ns_14_1_0.v" into library xil_defaultlib
INFO: [VRFC 10-311] analyzing module myproject_mul_8ns_7ns_14_1_0
INFO: [VRFC 10-2263] Analyzing SystemVerilog file "/home/mohamed/Nile_intern/Tasks/Mobilenet_project/test/lenet_project/lenet5_hls_100/myproject_prj/solution1/sim/verilog/myproject_mac_muladd_8ns_6ns_15s_15_1_0.v" into library xil_defaultlib
INFO: [VRFC 10-311] analyzing module myproject_mac_muladd_8ns_6ns_15s_15_1_0_DSP48_39
INFO: [VRFC 10-311] analyzing module myproject_mac_muladd_8ns_6ns_15s_15_1_0
INFO: [VRFC 10-2263] Analyzing SystemVerilog file "/home/mohamed/Nile_intern/Tasks/Mobilenet_project/test/lenet_project/lenet5_hls_100/myproject_prj/solution1/sim/verilog/myproject_mac_muladd_8ns_8s_17s_17_1_0.v" into library xil_defaultlib
INFO: [VRFC 10-311] analyzing module myproject_mac_muladd_8ns_8s_17s_17_1_0_DSP48_79
INFO: [VRFC 10-311] analyzing module myproject_mac_muladd_8ns_8s_17s_17_1_0
INFO: [VRFC 10-2263] Analyzing SystemVerilog file "/home/mohamed/Nile_intern/Tasks/Mobilenet_project/test/lenet_project/lenet5_hls_100/myproject_prj/solution1/sim/verilog/myproject_mac_muladd_8ns_8s_13s_16_1_0.v" into library xil_defaultlib
INFO: [VRFC 10-311] analyzing module myproject_mac_muladd_8ns_8s_13s_16_1_0_DSP48_31
INFO: [VRFC 10-311] analyzing module myproject_mac_muladd_8ns_8s_13s_16_1_0
INFO: [VRFC 10-2263] Analyzing SystemVerilog file "/home/mohamed/Nile_intern/Tasks/Mobilenet_project/test/lenet_project/lenet5_hls_100/myproject_prj/solution1/sim/verilog/AESL_axi_s_q_conv2d_input.v" into library xil_defaultlib
INFO: [VRFC 10-311] analyzing module AESL_axi_s_q_conv2d_input
INFO: [VRFC 10-2263] Analyzing SystemVerilog file "/home/mohamed/Nile_intern/Tasks/Mobilenet_project/test/lenet_project/lenet5_hls_100/myproject_prj/solution1/sim/verilog/myproject_mul_16s_7ns_23_1_0.v" into library xil_defaultlib
INFO: [VRFC 10-311] analyzing module myproject_mul_16s_7ns_23_1_0
INFO: [VRFC 10-2263] Analyzing SystemVerilog file "/home/mohamed/Nile_intern/Tasks/Mobilenet_project/test/lenet_project/lenet5_hls_100/myproject_prj/solution1/sim/verilog/myproject_flow_control_loop_pipe.v" into library xil_defaultlib
INFO: [VRFC 10-311] analyzing module myproject_flow_control_loop_pipe
INFO: [VRFC 10-2263] Analyzing SystemVerilog file "/home/mohamed/Nile_intern/Tasks/Mobilenet_project/test/lenet_project/lenet5_hls_100/myproject_prj/solution1/sim/verilog/myproject_start_for_conv_2d_cl_array_ap_ufixed_6u_array_ap_fixed_25_12_5_3_0_16u_config4jc.v" into library xil_defaultlib
INFO: [VRFC 10-311] analyzing module myproject_start_for_conv_2d_cl_array_ap_ufixed_6u_array_ap_fixed_25_12_5_3_0_16u_config4jc
INFO: [VRFC 10-311] analyzing module myproject_start_for_conv_2d_cl_array_ap_ufixed_6u_array_ap_fixed_25_12_5_3_0_16u_config4jc_ShiftReg
INFO: [VRFC 10-2263] Analyzing SystemVerilog file "/home/mohamed/Nile_intern/Tasks/Mobilenet_project/test/lenet_project/lenet5_hls_100/myproject_prj/solution1/sim/verilog/myproject_mul_8ns_6s_14_1_0.v" into library xil_defaultlib
INFO: [VRFC 10-311] analyzing module myproject_mul_8ns_6s_14_1_0
INFO: [VRFC 10-2263] Analyzing SystemVerilog file "/home/mohamed/Nile_intern/Tasks/Mobilenet_project/test/lenet_project/lenet5_hls_100/myproject_prj/solution1/sim/verilog/myproject_mac_muladd_8ns_5ns_10s_14_1_0.v" into library xil_defaultlib
INFO: [VRFC 10-311] analyzing module myproject_mac_muladd_8ns_5ns_10s_14_1_0_DSP48_94
INFO: [VRFC 10-311] analyzing module myproject_mac_muladd_8ns_5ns_10s_14_1_0
INFO: [VRFC 10-2263] Analyzing SystemVerilog file "/home/mohamed/Nile_intern/Tasks/Mobilenet_project/test/lenet_project/lenet5_hls_100/myproject_prj/solution1/sim/verilog/myproject_mac_muladd_8ns_6ns_15s_16_1_0.v" into library xil_defaultlib
INFO: [VRFC 10-311] analyzing module myproject_mac_muladd_8ns_6ns_15s_16_1_0_DSP48_54
INFO: [VRFC 10-311] analyzing module myproject_mac_muladd_8ns_6ns_15s_16_1_0
INFO: [VRFC 10-2263] Analyzing SystemVerilog file "/home/mohamed/Nile_intern/Tasks/Mobilenet_project/test/lenet_project/lenet5_hls_100/myproject_prj/solution1/sim/verilog/myproject_fifo_w128_d64_A.v" into library xil_defaultlib
INFO: [VRFC 10-311] analyzing module myproject_fifo_w128_d64_A
INFO: [VRFC 10-311] analyzing module myproject_fifo_w128_d64_A_ram
INFO: [VRFC 10-2263] Analyzing SystemVerilog file "/home/mohamed/Nile_intern/Tasks/Mobilenet_project/test/lenet_project/lenet5_hls_100/myproject_prj/solution1/sim/verilog/myproject_softmax_stable_array_array_ap_fixed_16_6_5_3_0_10u_softmax_config19_s_exp_tab1iI.v" into library xil_defaultlib
INFO: [VRFC 10-311] analyzing module myproject_softmax_stable_array_array_ap_fixed_16_6_5_3_0_10u_softmax_config19_s_exp_tab1iI
INFO: [VRFC 10-2263] Analyzing SystemVerilog file "/home/mohamed/Nile_intern/Tasks/Mobilenet_project/test/lenet_project/lenet5_hls_100/myproject_prj/solution1/sim/verilog/myproject_mul_18s_11ns_29_1_1.v" into library xil_defaultlib
INFO: [VRFC 10-311] analyzing module myproject_mul_18s_11ns_29_1_1
INFO: [VRFC 10-2263] Analyzing SystemVerilog file "/home/mohamed/Nile_intern/Tasks/Mobilenet_project/test/lenet_project/lenet5_hls_100/myproject_prj/solution1/sim/verilog/myproject_mac_muladd_8ns_6s_13s_15_1_0.v" into library xil_defaultlib
INFO: [VRFC 10-311] analyzing module myproject_mac_muladd_8ns_6s_13s_15_1_0_DSP48_36
INFO: [VRFC 10-311] analyzing module myproject_mac_muladd_8ns_6s_13s_15_1_0
INFO: [VRFC 10-2263] Analyzing SystemVerilog file "/home/mohamed/Nile_intern/Tasks/Mobilenet_project/test/lenet_project/lenet5_hls_100/myproject_prj/solution1/sim/verilog/myproject_mac_muladd_8ns_6s_15s_15_1_0.v" into library xil_defaultlib
INFO: [VRFC 10-311] analyzing module myproject_mac_muladd_8ns_6s_15s_15_1_0_DSP48_77
INFO: [VRFC 10-311] analyzing module myproject_mac_muladd_8ns_6s_15s_15_1_0
INFO: [VRFC 10-2263] Analyzing SystemVerilog file "/home/mohamed/Nile_intern/Tasks/Mobilenet_project/test/lenet_project/lenet5_hls_100/myproject_prj/solution1/sim/verilog/myproject_mac_muladd_8ns_7ns_15s_16_1_0.v" into library xil_defaultlib
INFO: [VRFC 10-311] analyzing module myproject_mac_muladd_8ns_7ns_15s_16_1_0_DSP48_61
INFO: [VRFC 10-311] analyzing module myproject_mac_muladd_8ns_7ns_15s_16_1_0
INFO: [VRFC 10-2263] Analyzing SystemVerilog file "/home/mohamed/Nile_intern/Tasks/Mobilenet_project/test/lenet_project/lenet5_hls_100/myproject_prj/solution1/sim/verilog/myproject_mac_muladd_8ns_5s_13ns_14_1_0.v" into library xil_defaultlib
INFO: [VRFC 10-311] analyzing module myproject_mac_muladd_8ns_5s_13ns_14_1_0_DSP48_99
INFO: [VRFC 10-311] analyzing module myproject_mac_muladd_8ns_5s_13ns_14_1_0
INFO: [VRFC 10-2263] Analyzing SystemVerilog file "/home/mohamed/Nile_intern/Tasks/Mobilenet_project/test/lenet_project/lenet5_hls_100/myproject_prj/solution1/sim/verilog/myproject_conv_2d_cl_array_ap_fixed_1u_array_ap_fixed_30_15_5_3_0_6u_config2_s.v" into library xil_defaultlib
INFO: [VRFC 10-311] analyzing module myproject_conv_2d_cl_array_ap_fixed_1u_array_ap_fixed_30_15_5_3_0_6u_config2_s
INFO: [VRFC 10-2263] Analyzing SystemVerilog file "/home/mohamed/Nile_intern/Tasks/Mobilenet_project/test/lenet_project/lenet5_hls_100/myproject_prj/solution1/sim/verilog/AESL_deadlock_detector.v" into library xil_defaultlib
INFO: [VRFC 10-311] analyzing module AESL_deadlock_detector
INFO: [VRFC 10-2263] Analyzing SystemVerilog file "/home/mohamed/Nile_intern/Tasks/Mobilenet_project/test/lenet_project/lenet5_hls_100/myproject_prj/solution1/sim/verilog/myproject_start_for_relu_array_ap_fixed_16u_array_ap_ufixed_8_0_4_0_0_16u_relu_config8_U0.v" into library xil_defaultlib
INFO: [VRFC 10-311] analyzing module myproject_start_for_relu_array_ap_fixed_16u_array_ap_ufixed_8_0_4_0_0_16u_relu_config8_U0
INFO: [VRFC 10-311] analyzing module myproject_start_for_relu_array_ap_fixed_16u_array_ap_ufixed_8_0_4_0_0_16u_relu_config8_U0_ShiftReg
INFO: [VRFC 10-2263] Analyzing SystemVerilog file "/home/mohamed/Nile_intern/Tasks/Mobilenet_project/test/lenet_project/lenet5_hls_100/myproject_prj/solution1/sim/verilog/myproject_mac_muladd_16s_5s_22s_22_1_0.v" into library xil_defaultlib
INFO: [VRFC 10-311] analyzing module myproject_mac_muladd_16s_5s_22s_22_1_0_DSP48_16
INFO: [VRFC 10-311] analyzing module myproject_mac_muladd_16s_5s_22s_22_1_0
INFO: [VRFC 10-2263] Analyzing SystemVerilog file "/home/mohamed/Nile_intern/Tasks/Mobilenet_project/test/lenet_project/lenet5_hls_100/myproject_prj/solution1/sim/verilog/myproject_mac_muladd_16s_7ns_24s_25_1_0.v" into library xil_defaultlib
INFO: [VRFC 10-311] analyzing module myproject_mac_muladd_16s_7ns_24s_25_1_0_DSP48_13
INFO: [VRFC 10-311] analyzing module myproject_mac_muladd_16s_7ns_24s_25_1_0
INFO: [VRFC 10-2263] Analyzing SystemVerilog file "/home/mohamed/Nile_intern/Tasks/Mobilenet_project/test/lenet_project/lenet5_hls_100/myproject_prj/solution1/sim/verilog/myproject_mac_muladd_8ns_6ns_12s_15_1_0.v" into library xil_defaultlib
INFO: [VRFC 10-311] analyzing module myproject_mac_muladd_8ns_6ns_12s_15_1_0_DSP48_32
INFO: [VRFC 10-311] analyzing module myproject_mac_muladd_8ns_6ns_12s_15_1_0
INFO: [VRFC 10-2263] Analyzing SystemVerilog file "/home/mohamed/Nile_intern/Tasks/Mobilenet_project/test/lenet_project/lenet5_hls_100/myproject_prj/solution1/sim/verilog/myproject_mac_muladd_8ns_7s_15s_16_1_0.v" into library xil_defaultlib
INFO: [VRFC 10-311] analyzing module myproject_mac_muladd_8ns_7s_15s_16_1_0_DSP48_66
INFO: [VRFC 10-311] analyzing module myproject_mac_muladd_8ns_7s_15s_16_1_0
INFO: [VRFC 10-2263] Analyzing SystemVerilog file "/home/mohamed/Nile_intern/Tasks/Mobilenet_project/test/lenet_project/lenet5_hls_100/myproject_prj/solution1/sim/verilog/myproject_mac_muladd_8ns_7ns_13ns_15_1_1.v" into library xil_defaultlib
INFO: [VRFC 10-311] analyzing module myproject_mac_muladd_8ns_7ns_13ns_15_1_1_DSP48_112
INFO: [VRFC 10-311] analyzing module myproject_mac_muladd_8ns_7ns_13ns_15_1_1
INFO: [VRFC 10-2263] Analyzing SystemVerilog file "/home/mohamed/Nile_intern/Tasks/Mobilenet_project/test/lenet_project/lenet5_hls_100/myproject_prj/solution1/sim/verilog/myproject_normalize_array_ap_fixed_84u_array_ap_fixed_16_6_5_3_0_84u_config23_s.v" into library xil_defaultlib
INFO: [VRFC 10-311] analyzing module myproject_normalize_array_ap_fixed_84u_array_ap_fixed_16_6_5_3_0_84u_config23_s
INFO: [VRFC 10-2263] Analyzing SystemVerilog file "/home/mohamed/Nile_intern/Tasks/Mobilenet_project/test/lenet_project/lenet5_hls_100/myproject_prj/solution1/sim/verilog/myproject_mac_muladd_8ns_6ns_11ns_14_1_1.v" into library xil_defaultlib
INFO: [VRFC 10-311] analyzing module myproject_mac_muladd_8ns_6ns_11ns_14_1_1_DSP48_122
INFO: [VRFC 10-311] analyzing module myproject_mac_muladd_8ns_6ns_11ns_14_1_1
INFO: [VRFC 10-2263] Analyzing SystemVerilog file "/home/mohamed/Nile_intern/Tasks/Mobilenet_project/test/lenet_project/lenet5_hls_100/myproject_prj/solution1/sim/verilog/myproject_relu_array_ap_fixed_84u_array_ap_ufixed_8_0_4_0_0_84u_relu_config16_s.v" into library xil_defaultlib
INFO: [VRFC 10-311] analyzing module myproject_relu_array_ap_fixed_84u_array_ap_ufixed_8_0_4_0_0_84u_relu_config16_s
INFO: [VRFC 10-2263] Analyzing SystemVerilog file "/home/mohamed/Nile_intern/Tasks/Mobilenet_project/test/lenet_project/lenet5_hls_100/myproject_prj/solution1/sim/verilog/myproject_mac_muladd_8ns_7ns_12s_16_1_0.v" into library xil_defaultlib
INFO: [VRFC 10-311] analyzing module myproject_mac_muladd_8ns_7ns_12s_16_1_0_DSP48_82
INFO: [VRFC 10-311] analyzing module myproject_mac_muladd_8ns_7ns_12s_16_1_0
INFO: [VRFC 10-2263] Analyzing SystemVerilog file "/home/mohamed/Nile_intern/Tasks/Mobilenet_project/test/lenet_project/lenet5_hls_100/myproject_prj/solution1/sim/verilog/myproject_mul_16s_8ns_23_1_0.v" into library xil_defaultlib
INFO: [VRFC 10-311] analyzing module myproject_mul_16s_8ns_23_1_0
INFO: [VRFC 10-2263] Analyzing SystemVerilog file "/home/mohamed/Nile_intern/Tasks/Mobilenet_project/test/lenet_project/lenet5_hls_100/myproject_prj/solution1/sim/verilog/myproject_mac_muladd_8ns_5ns_10ns_13_1_0.v" into library xil_defaultlib
INFO: [VRFC 10-311] analyzing module myproject_mac_muladd_8ns_5ns_10ns_13_1_0_DSP48_72
INFO: [VRFC 10-311] analyzing module myproject_mac_muladd_8ns_5ns_10ns_13_1_0
INFO: [VRFC 10-2263] Analyzing SystemVerilog file "/home/mohamed/Nile_intern/Tasks/Mobilenet_project/test/lenet_project/lenet5_hls_100/myproject_prj/solution1/sim/verilog/myproject_mac_muladd_8ns_6s_16s_16_1_0.v" into library xil_defaultlib
INFO: [VRFC 10-311] analyzing module myproject_mac_muladd_8ns_6s_16s_16_1_0_DSP48_55
INFO: [VRFC 10-311] analyzing module myproject_mac_muladd_8ns_6s_16s_16_1_0
INFO: [VRFC 10-2263] Analyzing SystemVerilog file "/home/mohamed/Nile_intern/Tasks/Mobilenet_project/test/lenet_project/lenet5_hls_100/myproject_prj/solution1/sim/verilog/myproject_start_for_relu_array_array_ap_ufixed_8_0_4_0_0_120u_relu_config13_U0.v" into library xil_defaultlib
INFO: [VRFC 10-311] analyzing module myproject_start_for_relu_array_array_ap_ufixed_8_0_4_0_0_120u_relu_config13_U0
INFO: [VRFC 10-311] analyzing module myproject_start_for_relu_array_array_ap_ufixed_8_0_4_0_0_120u_relu_config13_U0_ShiftReg
INFO: [VRFC 10-2263] Analyzing SystemVerilog file "/home/mohamed/Nile_intern/Tasks/Mobilenet_project/test/lenet_project/lenet5_hls_100/myproject_prj/solution1/sim/verilog/myproject_mac_muladd_8ns_4ns_11s_13_1_0.v" into library xil_defaultlib
INFO: [VRFC 10-311] analyzing module myproject_mac_muladd_8ns_4ns_11s_13_1_0_DSP48_71
INFO: [VRFC 10-311] analyzing module myproject_mac_muladd_8ns_4ns_11s_13_1_0
INFO: [VRFC 10-2263] Analyzing SystemVerilog file "/home/mohamed/Nile_intern/Tasks/Mobilenet_project/test/lenet_project/lenet5_hls_100/myproject_prj/solution1/sim/verilog/AESL_fifo.v" into library xil_defaultlib
INFO: [VRFC 10-311] analyzing module fifo
INFO: [VRFC 10-2263] Analyzing SystemVerilog file "/home/mohamed/Nile_intern/Tasks/Mobilenet_project/test/lenet_project/lenet5_hls_100/myproject_prj/solution1/sim/verilog/myproject_start_for_dense_array_ap_ufixed_16u_array_ap_fixed_25_12_5_3_0_120u_config11_U0.v" into library xil_defaultlib
INFO: [VRFC 10-311] analyzing module myproject_start_for_dense_array_ap_ufixed_16u_array_ap_fixed_25_12_5_3_0_120u_config11_U0
INFO: [VRFC 10-311] analyzing module myproject_start_for_dense_array_ap_ufixed_16u_array_ap_fixed_25_12_5_3_0_120u_config11_U0_ShiftReg
INFO: [VRFC 10-2263] Analyzing SystemVerilog file "/home/mohamed/Nile_intern/Tasks/Mobilenet_project/test/lenet_project/lenet5_hls_100/myproject_prj/solution1/sim/verilog/myproject_fifo_w2016_d1_S.v" into library xil_defaultlib
INFO: [VRFC 10-311] analyzing module myproject_fifo_w2016_d1_S
INFO: [VRFC 10-311] analyzing module myproject_fifo_w2016_d1_S_ShiftReg
INFO: [VRFC 10-2263] Analyzing SystemVerilog file "/home/mohamed/Nile_intern/Tasks/Mobilenet_project/test/lenet_project/lenet5_hls_100/myproject_prj/solution1/sim/verilog/myproject_mac_muladd_8ns_8s_20s_20_1_0.v" into library xil_defaultlib
INFO: [VRFC 10-311] analyzing module myproject_mac_muladd_8ns_8s_20s_20_1_0_DSP48_106
INFO: [VRFC 10-311] analyzing module myproject_mac_muladd_8ns_8s_20s_20_1_0
INFO: [VRFC 10-2263] Analyzing SystemVerilog file "/home/mohamed/Nile_intern/Tasks/Mobilenet_project/test/lenet_project/lenet5_hls_100/myproject_prj/solution1/sim/verilog/myproject_mac_muladd_8ns_6ns_16s_17_1_0.v" into library xil_defaultlib
INFO: [VRFC 10-311] analyzing module myproject_mac_muladd_8ns_6ns_16s_17_1_0_DSP48_52
INFO: [VRFC 10-311] analyzing module myproject_mac_muladd_8ns_6ns_16s_17_1_0
INFO: [VRFC 10-2263] Analyzing SystemVerilog file "/home/mohamed/Nile_intern/Tasks/Mobilenet_project/test/lenet_project/lenet5_hls_100/myproject_prj/solution1/sim/verilog/myproject_fifo_w672_d1_S.v" into library xil_defaultlib
INFO: [VRFC 10-311] analyzing module myproject_fifo_w672_d1_S
INFO: [VRFC 10-311] analyzing module myproject_fifo_w672_d1_S_ShiftReg
INFO: [VRFC 10-2263] Analyzing SystemVerilog file "/home/mohamed/Nile_intern/Tasks/Mobilenet_project/test/lenet_project/lenet5_hls_100/myproject_prj/solution1/sim/verilog/myproject_normalize_array_ap_fixed_10u_array_ap_fixed_16_6_5_3_0_10u_config24_s.v" into library xil_defaultlib
INFO: [VRFC 10-311] analyzing module myproject_normalize_array_ap_fixed_10u_array_ap_fixed_16_6_5_3_0_10u_config24_s
INFO: [VRFC 10-2263] Analyzing SystemVerilog file "/home/mohamed/Nile_intern/Tasks/Mobilenet_project/test/lenet_project/lenet5_hls_100/myproject_prj/solution1/sim/verilog/myproject_start_for_normalize_array_ap_fixed_10u_array_ap_fixed_16_6_5_3_0_10u_config248jQ.v" into library xil_defaultlib
INFO: [VRFC 10-311] analyzing module myproject_start_for_normalize_array_ap_fixed_10u_array_ap_fixed_16_6_5_3_0_10u_config248jQ
INFO: [VRFC 10-311] analyzing module myproject_start_for_normalize_array_ap_fixed_10u_array_ap_fixed_16_6_5_3_0_10u_config248jQ_ShiftReg
INFO: [VRFC 10-2263] Analyzing SystemVerilog file "/home/mohamed/Nile_intern/Tasks/Mobilenet_project/test/lenet_project/lenet5_hls_100/myproject_prj/solution1/sim/verilog/myproject_mac_muladd_8ns_4ns_11ns_13_1_1.v" into library xil_defaultlib
INFO: [VRFC 10-311] analyzing module myproject_mac_muladd_8ns_4ns_11ns_13_1_1_DSP48_117
INFO: [VRFC 10-311] analyzing module myproject_mac_muladd_8ns_4ns_11ns_13_1_1
INFO: [VRFC 10-2263] Analyzing SystemVerilog file "/home/mohamed/Nile_intern/Tasks/Mobilenet_project/test/lenet_project/lenet5_hls_100/myproject_prj/solution1/sim/verilog/myproject_fifo_w400_d64_A.v" into library xil_defaultlib
INFO: [VRFC 10-311] analyzing module myproject_fifo_w400_d64_A
INFO: [VRFC 10-311] analyzing module myproject_fifo_w400_d64_A_ram
INFO: [VRFC 10-2263] Analyzing SystemVerilog file "/home/mohamed/Nile_intern/Tasks/Mobilenet_project/test/lenet_project/lenet5_hls_100/myproject_prj/solution1/sim/verilog/AESL_deadlock_kernel_monitor_top.v" into library xil_defaultlib
INFO: [VRFC 10-311] analyzing module AESL_deadlock_kernel_monitor_top
INFO: [VRFC 10-2263] Analyzing SystemVerilog file "/home/mohamed/Nile_intern/Tasks/Mobilenet_project/test/lenet_project/lenet5_hls_100/myproject_prj/solution1/sim/verilog/myproject_pooling2d_cl_array_array_ap_ufixed_8_0_4_0_0_16u_config9_s.v" into library xil_defaultlib
INFO: [VRFC 10-311] analyzing module myproject_pooling2d_cl_array_array_ap_ufixed_8_0_4_0_0_16u_config9_s
INFO: [VRFC 10-2263] Analyzing SystemVerilog file "/home/mohamed/Nile_intern/Tasks/Mobilenet_project/test/lenet_project/lenet5_hls_100/myproject_prj/solution1/sim/verilog/myproject_mac_muladd_8ns_6ns_13s_15_1_0.v" into library xil_defaultlib
INFO: [VRFC 10-311] analyzing module myproject_mac_muladd_8ns_6ns_13s_15_1_0_DSP48_73
INFO: [VRFC 10-311] analyzing module myproject_mac_muladd_8ns_6ns_13s_15_1_0
INFO: [VRFC 10-2263] Analyzing SystemVerilog file "/home/mohamed/Nile_intern/Tasks/Mobilenet_project/test/lenet_project/lenet5_hls_100/myproject_prj/solution1/sim/verilog/myproject_normalize_array_array_ap_fixed_16_6_5_3_0_120u_config22_s.v" into library xil_defaultlib
INFO: [VRFC 10-311] analyzing module myproject_normalize_array_array_ap_fixed_16_6_5_3_0_120u_config22_s
INFO: [VRFC 10-2263] Analyzing SystemVerilog file "/home/mohamed/Nile_intern/Tasks/Mobilenet_project/test/lenet_project/lenet5_hls_100/myproject_prj/solution1/sim/verilog/myproject_dense_array_ap_ufixed_84u_array_ap_fixed_16_6_0_0_0_10u_config17_s.v" into library xil_defaultlib
INFO: [VRFC 10-311] analyzing module myproject_dense_array_ap_ufixed_84u_array_ap_fixed_16_6_0_0_0_10u_config17_s
INFO: [VRFC 10-2263] Analyzing SystemVerilog file "/home/mohamed/Nile_intern/Tasks/Mobilenet_project/test/lenet_project/lenet5_hls_100/myproject_prj/solution1/sim/verilog/myproject_mac_muladd_8ns_4ns_10ns_13_1_0.v" into library xil_defaultlib
INFO: [VRFC 10-311] analyzing module myproject_mac_muladd_8ns_4ns_10ns_13_1_0_DSP48_23
INFO: [VRFC 10-311] analyzing module myproject_mac_muladd_8ns_4ns_10ns_13_1_0
INFO: [VRFC 10-2263] Analyzing SystemVerilog file "/home/mohamed/Nile_intern/Tasks/Mobilenet_project/test/lenet_project/lenet5_hls_100/myproject_prj/solution1/sim/verilog/myproject_mul_8ns_8ns_15_1_0.v" into library xil_defaultlib
INFO: [VRFC 10-311] analyzing module myproject_mul_8ns_8ns_15_1_0
INFO: [VRFC 10-2263] Analyzing SystemVerilog file "/home/mohamed/Nile_intern/Tasks/Mobilenet_project/test/lenet_project/lenet5_hls_100/myproject_prj/solution1/sim/verilog/myproject_mac_muladd_8ns_7s_15s_15_1_0.v" into library xil_defaultlib
INFO: [VRFC 10-311] analyzing module myproject_mac_muladd_8ns_7s_15s_15_1_0_DSP48_88
INFO: [VRFC 10-311] analyzing module myproject_mac_muladd_8ns_7s_15s_15_1_0
INFO: [VRFC 10-2263] Analyzing SystemVerilog file "/home/mohamed/Nile_intern/Tasks/Mobilenet_project/test/lenet_project/lenet5_hls_100/myproject_prj/solution1/sim/verilog/myproject_mux_64_6_8_1_1.v" into library xil_defaultlib
INFO: [VRFC 10-311] analyzing module myproject_mux_64_6_8_1_1
INFO: [VRFC 10-2263] Analyzing SystemVerilog file "/home/mohamed/Nile_intern/Tasks/Mobilenet_project/test/lenet_project/lenet5_hls_100/myproject_prj/solution1/sim/verilog/myproject_mac_muladd_8ns_6ns_11s_15_1_0.v" into library xil_defaultlib
INFO: [VRFC 10-311] analyzing module myproject_mac_muladd_8ns_6ns_11s_15_1_0_DSP48_83
INFO: [VRFC 10-311] analyzing module myproject_mac_muladd_8ns_6ns_11s_15_1_0
INFO: [VRFC 10-2263] Analyzing SystemVerilog file "/home/mohamed/Nile_intern/Tasks/Mobilenet_project/test/lenet_project/lenet5_hls_100/myproject_prj/solution1/sim/verilog/myproject_mac_muladd_8ns_7s_14s_16_1_0.v" into library xil_defaultlib
INFO: [VRFC 10-311] analyzing module myproject_mac_muladd_8ns_7s_14s_16_1_0_DSP48_49
INFO: [VRFC 10-311] analyzing module myproject_mac_muladd_8ns_7s_14s_16_1_0
INFO: [VRFC 10-2263] Analyzing SystemVerilog file "/home/mohamed/Nile_intern/Tasks/Mobilenet_project/test/lenet_project/lenet5_hls_100/myproject_prj/solution1/sim/verilog/myproject_mac_muladd_8ns_8s_15s_16_1_0.v" into library xil_defaultlib
INFO: [VRFC 10-311] analyzing module myproject_mac_muladd_8ns_8s_15s_16_1_0_DSP48_45
INFO: [VRFC 10-311] analyzing module myproject_mac_muladd_8ns_8s_15s_16_1_0
INFO: [VRFC 10-2263] Analyzing SystemVerilog file "/home/mohamed/Nile_intern/Tasks/Mobilenet_project/test/lenet_project/lenet5_hls_100/myproject_prj/solution1/sim/verilog/myproject_mac_muladd_16s_6ns_22s_23_1_0.v" into library xil_defaultlib
INFO: [VRFC 10-311] analyzing module myproject_mac_muladd_16s_6ns_22s_23_1_0_DSP48_18
INFO: [VRFC 10-311] analyzing module myproject_mac_muladd_16s_6ns_22s_23_1_0
INFO: [VRFC 10-2263] Analyzing SystemVerilog file "/home/mohamed/Nile_intern/Tasks/Mobilenet_project/test/lenet_project/lenet5_hls_100/myproject_prj/solution1/sim/verilog/myproject_mac_muladd_8ns_7s_15ns_16_1_0.v" into library xil_defaultlib
INFO: [VRFC 10-311] analyzing module myproject_mac_muladd_8ns_7s_15ns_16_1_0_DSP48_60
INFO: [VRFC 10-311] analyzing module myproject_mac_muladd_8ns_7s_15ns_16_1_0
INFO: [VRFC 10-2263] Analyzing SystemVerilog file "/home/mohamed/Nile_intern/Tasks/Mobilenet_project/test/lenet_project/lenet5_hls_100/myproject_prj/solution1/sim/verilog/myproject_mul_8ns_5ns_12_1_0.v" into library xil_defaultlib
INFO: [VRFC 10-311] analyzing module myproject_mul_8ns_5ns_12_1_0
INFO: [VRFC 10-2263] Analyzing SystemVerilog file "/home/mohamed/Nile_intern/Tasks/Mobilenet_project/test/lenet_project/lenet5_hls_100/myproject_prj/solution1/sim/verilog/myproject_fifo_w160_d1_S.v" into library xil_defaultlib
INFO: [VRFC 10-311] analyzing module myproject_fifo_w160_d1_S
INFO: [VRFC 10-311] analyzing module myproject_fifo_w160_d1_S_ShiftReg
INFO: [VRFC 10-2263] Analyzing SystemVerilog file "/home/mohamed/Nile_intern/Tasks/Mobilenet_project/test/lenet_project/lenet5_hls_100/myproject_prj/solution1/sim/verilog/myproject_relu_array_ap_fixed_16u_array_ap_ufixed_8_0_4_0_0_16u_relu_config8_s.v" into library xil_defaultlib
INFO: [VRFC 10-311] analyzing module myproject_relu_array_ap_fixed_16u_array_ap_ufixed_8_0_4_0_0_16u_relu_config8_s
INFO: [VRFC 10-2263] Analyzing SystemVerilog file "/home/mohamed/Nile_intern/Tasks/Mobilenet_project/test/lenet_project/lenet5_hls_100/myproject_prj/solution1/sim/verilog/myproject_mac_muladd_8ns_6ns_9s_15_1_0.v" into library xil_defaultlib
INFO: [VRFC 10-311] analyzing module myproject_mac_muladd_8ns_6ns_9s_15_1_0_DSP48_29
INFO: [VRFC 10-311] analyzing module myproject_mac_muladd_8ns_6ns_9s_15_1_0
INFO: [VRFC 10-2263] Analyzing SystemVerilog file "/home/mohamed/Nile_intern/Tasks/Mobilenet_project/test/lenet_project/lenet5_hls_100/myproject_prj/solution1/sim/verilog/myproject_dense_resource_rf_leq_nin_ap_ufixed_ap_fixed_25_12_5_3_0_config6_mult_s.v" into library xil_defaultlib
INFO: [VRFC 10-311] analyzing module myproject_dense_resource_rf_leq_nin_ap_ufixed_ap_fixed_25_12_5_3_0_config6_mult_s
INFO: [VRFC 10-2263] Analyzing SystemVerilog file "/home/mohamed/Nile_intern/Tasks/Mobilenet_project/test/lenet_project/lenet5_hls_100/myproject_prj/solution1/sim/verilog/AESL_deadlock_idx0_monitor.v" into library xil_defaultlib
INFO: [VRFC 10-311] analyzing module AESL_deadlock_idx0_monitor
INFO: [VRFC 10-2263] Analyzing SystemVerilog file "/home/mohamed/Nile_intern/Tasks/Mobilenet_project/test/lenet_project/lenet5_hls_100/myproject_prj/solution1/sim/verilog/myproject_mac_mul_sub_8ns_5ns_13ns_14_1_0.v" into library xil_defaultlib
INFO: [VRFC 10-311] analyzing module myproject_mac_mul_sub_8ns_5ns_13ns_14_1_0_DSP48_65
INFO: [VRFC 10-311] analyzing module myproject_mac_mul_sub_8ns_5ns_13ns_14_1_0
INFO: [VRFC 10-2263] Analyzing SystemVerilog file "/home/mohamed/Nile_intern/Tasks/Mobilenet_project/test/lenet_project/lenet5_hls_100/myproject_prj/solution1/sim/verilog/myproject_shift_line_buffer_array_ap_fixed_16_6_5_3_0_1u_config2_s_void_conv_2d_buffer_bkb.v" into library xil_defaultlib
INFO: [VRFC 10-311] analyzing module myproject_shift_line_buffer_array_ap_fixed_16_6_5_3_0_1u_config2_s_void_conv_2d_buffer_bkb_core
INFO: [VRFC 10-311] analyzing module myproject_shift_line_buffer_array_ap_fixed_16_6_5_3_0_1u_config2_s_void_conv_2d_buffer_bkb
INFO: [VRFC 10-2263] Analyzing SystemVerilog file "/home/mohamed/Nile_intern/Tasks/Mobilenet_project/test/lenet_project/lenet5_hls_100/myproject_prj/solution1/sim/verilog/myproject_fifo_w48_d144_A.v" into library xil_defaultlib
INFO: [VRFC 10-311] analyzing module myproject_fifo_w48_d144_A
INFO: [VRFC 10-311] analyzing module myproject_fifo_w48_d144_A_ram
INFO: [VRFC 10-2263] Analyzing SystemVerilog file "/home/mohamed/Nile_intern/Tasks/Mobilenet_project/test/lenet_project/lenet5_hls_100/myproject_prj/solution1/sim/verilog/myproject_mac_muladd_8ns_7ns_15ns_16_1_0.v" into library xil_defaultlib
INFO: [VRFC 10-311] analyzing module myproject_mac_muladd_8ns_7ns_15ns_16_1_0_DSP48_64
INFO: [VRFC 10-311] analyzing module myproject_mac_muladd_8ns_7ns_15ns_16_1_0
INFO: [VRFC 10-2263] Analyzing SystemVerilog file "/home/mohamed/Nile_intern/Tasks/Mobilenet_project/test/lenet_project/lenet5_hls_100/myproject_prj/solution1/sim/verilog/myproject_mac_muladd_8ns_6s_14s_15_1_0.v" into library xil_defaultlib
INFO: [VRFC 10-311] analyzing module myproject_mac_muladd_8ns_6s_14s_15_1_0_DSP48_43
INFO: [VRFC 10-311] analyzing module myproject_mac_muladd_8ns_6s_14s_15_1_0
INFO: [VRFC 10-2263] Analyzing SystemVerilog file "/home/mohamed/Nile_intern/Tasks/Mobilenet_project/test/lenet_project/lenet5_hls_100/myproject_prj/solution1/sim/verilog/myproject_mac_muladd_8ns_4ns_12ns_13_1_0.v" into library xil_defaultlib
INFO: [VRFC 10-311] analyzing module myproject_mac_muladd_8ns_4ns_12ns_13_1_0_DSP48_90
INFO: [VRFC 10-311] analyzing module myproject_mac_muladd_8ns_4ns_12ns_13_1_0
INFO: [VRFC 10-2263] Analyzing SystemVerilog file "/home/mohamed/Nile_intern/Tasks/Mobilenet_project/test/lenet_project/lenet5_hls_100/myproject_prj/solution1/sim/verilog/myproject_mac_muladd_16s_6ns_19s_22_1_0.v" into library xil_defaultlib
INFO: [VRFC 10-311] analyzing module myproject_mac_muladd_16s_6ns_19s_22_1_0_DSP48_7
INFO: [VRFC 10-311] analyzing module myproject_mac_muladd_16s_6ns_19s_22_1_0
INFO: [VRFC 10-2263] Analyzing SystemVerilog file "/home/mohamed/Nile_intern/Tasks/Mobilenet_project/test/lenet_project/lenet5_hls_100/myproject_prj/solution1/sim/verilog/myproject_mux_60_6_8_1_1.v" into library xil_defaultlib
INFO: [VRFC 10-311] analyzing module myproject_mux_60_6_8_1_1
INFO: [VRFC 10-2263] Analyzing SystemVerilog file "/home/mohamed/Nile_intern/Tasks/Mobilenet_project/test/lenet_project/lenet5_hls_100/myproject_prj/solution1/sim/verilog/myproject_mac_muladd_8ns_5s_14ns_15_1_0.v" into library xil_defaultlib
INFO: [VRFC 10-311] analyzing module myproject_mac_muladd_8ns_5s_14ns_15_1_0_DSP48_74
INFO: [VRFC 10-311] analyzing module myproject_mac_muladd_8ns_5s_14ns_15_1_0
INFO: [VRFC 10-2263] Analyzing SystemVerilog file "/home/mohamed/Nile_intern/Tasks/Mobilenet_project/test/lenet_project/lenet5_hls_100/myproject_prj/solution1/sim/verilog/myproject_mac_muladd_8ns_6ns_16s_16_1_1.v" into library xil_defaultlib
INFO: [VRFC 10-311] analyzing module myproject_mac_muladd_8ns_6ns_16s_16_1_1_DSP48_120
INFO: [VRFC 10-311] analyzing module myproject_mac_muladd_8ns_6ns_16s_16_1_1
INFO: [VRFC 10-2263] Analyzing SystemVerilog file "/home/mohamed/Nile_intern/Tasks/Mobilenet_project/test/lenet_project/lenet5_hls_100/myproject_prj/solution1/sim/verilog/myproject_mac_muladd_16s_6ns_23s_23_1_0.v" into library xil_defaultlib
INFO: [VRFC 10-311] analyzing module myproject_mac_muladd_16s_6ns_23s_23_1_0_DSP48_0
INFO: [VRFC 10-311] analyzing module myproject_mac_muladd_16s_6ns_23s_23_1_0
INFO: [VRFC 10-2263] Analyzing SystemVerilog file "/home/mohamed/Nile_intern/Tasks/Mobilenet_project/test/lenet_project/lenet5_hls_100/myproject_prj/solution1/sim/verilog/myproject_compute_output_buffer_2d_array_array_ap_fixed_25_12_5_3_0_16u_config6_s.v" into library xil_defaultlib
INFO: [VRFC 10-311] analyzing module myproject_compute_output_buffer_2d_array_array_ap_fixed_25_12_5_3_0_16u_config6_s
INFO: [VRFC 10-2263] Analyzing SystemVerilog file "/home/mohamed/Nile_intern/Tasks/Mobilenet_project/test/lenet_project/lenet5_hls_100/myproject_prj/solution1/sim/verilog/myproject_mac_muladd_8ns_4ns_13s_14_1_0.v" into library xil_defaultlib
INFO: [VRFC 10-311] analyzing module myproject_mac_muladd_8ns_4ns_13s_14_1_0_DSP48_97
INFO: [VRFC 10-311] analyzing module myproject_mac_muladd_8ns_4ns_13s_14_1_0
INFO: [VRFC 10-2263] Analyzing SystemVerilog file "/home/mohamed/Nile_intern/Tasks/Mobilenet_project/test/lenet_project/lenet5_hls_100/myproject_prj/solution1/sim/verilog/myproject_mac_muladd_8ns_4ns_11ns_12_1_0.v" into library xil_defaultlib
INFO: [VRFC 10-311] analyzing module myproject_mac_muladd_8ns_4ns_11ns_12_1_0_DSP48_104
INFO: [VRFC 10-311] analyzing module myproject_mac_muladd_8ns_4ns_11ns_12_1_0
INFO: [VRFC 10-2263] Analyzing SystemVerilog file "/home/mohamed/Nile_intern/Tasks/Mobilenet_project/test/lenet_project/lenet5_hls_100/myproject_prj/solution1/sim/verilog/dataflow_monitor.sv" into library xil_defaultlib
INFO: [VRFC 10-311] analyzing module dataflow_monitor
Starting static elaboration
Pass Through NonSizing Optimizer
Completed static elaboration
Starting simulation data flow analysis
Completed simulation data flow analysis
Time Resolution for simulation is 1ps
Compiling package xil_defaultlib.$unit_dataflow_monitor_sv
Compiling module xil_defaultlib.myproject_shift_line_buffer_arra...
Compiling module xil_defaultlib.myproject_shift_line_buffer_arra...
Compiling module xil_defaultlib.myproject_shift_line_buffer_arra...
Compiling module xil_defaultlib.myproject_mul_16s_7ns_23_1_0(NUM...
Compiling module xil_defaultlib.myproject_mul_16s_8ns_23_1_0(NUM...
Compiling module xil_defaultlib.myproject_mul_16s_8ns_24_1_0(NUM...
Compiling module xil_defaultlib.myproject_mul_16s_8s_23_1_0(NUM_...
Compiling module xil_defaultlib.myproject_mul_16s_8s_24_1_0(NUM_...
Compiling module xil_defaultlib.myproject_mul_16s_6s_22_1_0(NUM_...
Compiling module xil_defaultlib.myproject_mul_16s_7s_23_1_0(NUM_...
Compiling module xil_defaultlib.myproject_mul_16s_6ns_22_1_0(NUM...
Compiling module xil_defaultlib.myproject_mac_muladd_16s_6ns_23s...
Compiling module xil_defaultlib.myproject_mac_muladd_16s_6ns_23s...
Compiling module xil_defaultlib.myproject_mac_muladd_16s_7s_23s_...
Compiling module xil_defaultlib.myproject_mac_muladd_16s_7s_23s_...
Compiling module xil_defaultlib.myproject_mac_muladd_16s_8s_20s_...
Compiling module xil_defaultlib.myproject_mac_muladd_16s_8s_20s_...
Compiling module xil_defaultlib.myproject_mac_muladd_16s_5s_20s_...
Compiling module xil_defaultlib.myproject_mac_muladd_16s_5s_20s_...
Compiling module xil_defaultlib.myproject_mac_muladd_16s_6s_21s_...
Compiling module xil_defaultlib.myproject_mac_muladd_16s_6s_21s_...
Compiling module xil_defaultlib.myproject_mac_muladd_16s_6ns_20s...
Compiling module xil_defaultlib.myproject_mac_muladd_16s_6ns_20s...
Compiling module xil_defaultlib.myproject_mac_muladd_16s_7ns_23s...
Compiling module xil_defaultlib.myproject_mac_muladd_16s_7ns_23s...
Compiling module xil_defaultlib.myproject_mac_muladd_16s_6ns_19s...
Compiling module xil_defaultlib.myproject_mac_muladd_16s_6ns_19s...
Compiling module xil_defaultlib.myproject_mac_muladd_16s_8s_23s_...
Compiling module xil_defaultlib.myproject_mac_muladd_16s_8s_23s_...
Compiling module xil_defaultlib.myproject_mac_muladd_16s_7ns_24s...
Compiling module xil_defaultlib.myproject_mac_muladd_16s_7ns_24s...
Compiling module xil_defaultlib.myproject_mac_muladd_16s_8s_24s_...
Compiling module xil_defaultlib.myproject_mac_muladd_16s_8s_24s_...
Compiling module xil_defaultlib.myproject_mac_muladd_16s_7s_21s_...
Compiling module xil_defaultlib.myproject_mac_muladd_16s_7s_21s_...
Compiling module xil_defaultlib.myproject_mac_muladd_16s_6s_22s_...
Compiling module xil_defaultlib.myproject_mac_muladd_16s_6s_22s_...
Compiling module xil_defaultlib.myproject_mac_muladd_16s_7ns_24s...
Compiling module xil_defaultlib.myproject_mac_muladd_16s_7ns_24s...
Compiling module xil_defaultlib.myproject_mac_muladd_16s_6ns_24s...
Compiling module xil_defaultlib.myproject_mac_muladd_16s_6ns_24s...
Compiling module xil_defaultlib.myproject_mac_muladd_16s_7ns_25s...
Compiling module xil_defaultlib.myproject_mac_muladd_16s_7ns_25s...
Compiling module xil_defaultlib.myproject_mac_muladd_16s_5s_22s_...
Compiling module xil_defaultlib.myproject_mac_muladd_16s_5s_22s_...
Compiling module xil_defaultlib.myproject_mac_muladd_16s_7s_22s_...
Compiling module xil_defaultlib.myproject_mac_muladd_16s_7s_22s_...
Compiling module xil_defaultlib.myproject_mac_muladd_16s_6ns_22s...
Compiling module xil_defaultlib.myproject_mac_muladd_16s_6ns_22s...
Compiling module xil_defaultlib.myproject_mac_muladd_16s_5ns_22s...
Compiling module xil_defaultlib.myproject_mac_muladd_16s_5ns_22s...
Compiling module xil_defaultlib.myproject_mac_muladd_16s_8s_25s_...
Compiling module xil_defaultlib.myproject_mac_muladd_16s_8s_25s_...
Compiling module xil_defaultlib.myproject_mac_muladd_16s_8s_24s_...
Compiling module xil_defaultlib.myproject_mac_muladd_16s_8s_24s_...
Compiling module xil_defaultlib.myproject_mac_muladd_16s_7ns_26s...
Compiling module xil_defaultlib.myproject_mac_muladd_16s_7ns_26s...
Compiling module xil_defaultlib.myproject_dense_resource_rf_leq_...
Compiling module xil_defaultlib.myproject_compute_output_buffer_...
Compiling module xil_defaultlib.myproject_flow_control_loop_pipe
Compiling module xil_defaultlib.myproject_regslice_both(DataWidt...
Compiling module xil_defaultlib.myproject_conv_2d_cl_array_ap_fi...
Compiling module xil_defaultlib.myproject_normalize_array_ap_fix...
Compiling module xil_defaultlib.myproject_relu_array_ap_fixed_6u...
Compiling module xil_defaultlib.myproject_pooling2d_cl_array_ap_...
Compiling module xil_defaultlib.myproject_pooling2d_cl_array_ap_...
Compiling module xil_defaultlib.myproject_pooling2d_cl_array_ap_...
Compiling module xil_defaultlib.myproject_shift_line_buffer_arra...
Compiling module xil_defaultlib.myproject_shift_line_buffer_arra...
Compiling module xil_defaultlib.myproject_shift_line_buffer_arra...
Compiling module xil_defaultlib.myproject_mul_8ns_6ns_13_1_0(NUM...
Compiling module xil_defaultlib.myproject_mul_8ns_7ns_14_1_0(NUM...
Compiling module xil_defaultlib.myproject_mul_8ns_7s_15_1_0(NUM_...
Compiling module xil_defaultlib.myproject_mul_8ns_8s_16_1_0(NUM_...
Compiling module xil_defaultlib.myproject_mul_8ns_5ns_12_1_0(NUM...
Compiling module xil_defaultlib.myproject_mul_8ns_8ns_15_1_0(NUM...
Compiling module xil_defaultlib.myproject_mul_8ns_6s_14_1_0(NUM_...
Compiling module xil_defaultlib.myproject_mul_8ns_5s_13_1_0(NUM_...
Compiling module xil_defaultlib.myproject_mac_muladd_8ns_4ns_10n...
Compiling module xil_defaultlib.myproject_mac_muladd_8ns_4ns_10n...
Compiling module xil_defaultlib.myproject_mac_muladd_8ns_5ns_12s...
Compiling module xil_defaultlib.myproject_mac_muladd_8ns_5ns_12s...
Compiling module xil_defaultlib.myproject_mac_muladd_8ns_4ns_13n...
Compiling module xil_defaultlib.myproject_mac_muladd_8ns_4ns_13n...
Compiling module xil_defaultlib.myproject_mac_muladd_8ns_5ns_13n...
Compiling module xil_defaultlib.myproject_mac_muladd_8ns_5ns_13n...
Compiling module xil_defaultlib.myproject_mac_muladd_8ns_6ns_14s...
Compiling module xil_defaultlib.myproject_mac_muladd_8ns_6ns_14s...
Compiling module xil_defaultlib.myproject_mac_muladd_8ns_4ns_8ns...
Compiling module xil_defaultlib.myproject_mac_muladd_8ns_4ns_8ns...
Compiling module xil_defaultlib.myproject_mac_muladd_8ns_6ns_9s_...
Compiling module xil_defaultlib.myproject_mac_muladd_8ns_6ns_9s_...
Compiling module xil_defaultlib.myproject_mac_muladd_8ns_6ns_14n...
Compiling module xil_defaultlib.myproject_mac_muladd_8ns_6ns_14n...
Compiling module xil_defaultlib.myproject_mac_muladd_8ns_8s_13s_...
Compiling module xil_defaultlib.myproject_mac_muladd_8ns_8s_13s_...
Compiling module xil_defaultlib.myproject_mac_muladd_8ns_6ns_12s...
Compiling module xil_defaultlib.myproject_mac_muladd_8ns_6ns_12s...
Compiling module xil_defaultlib.myproject_mac_muladd_8ns_6s_10ns...
Compiling module xil_defaultlib.myproject_mac_muladd_8ns_6s_10ns...
Compiling module xil_defaultlib.myproject_mac_muladd_8ns_6s_14s_...
Compiling module xil_defaultlib.myproject_mac_muladd_8ns_6s_14s_...
Compiling module xil_defaultlib.myproject_mac_muladd_8ns_7s_16s_...
Compiling module xil_defaultlib.myproject_mac_muladd_8ns_7s_16s_...
Compiling module xil_defaultlib.myproject_mac_muladd_8ns_6s_13s_...
Compiling module xil_defaultlib.myproject_mac_muladd_8ns_6s_13s_...
Compiling module xil_defaultlib.myproject_mac_muladd_8ns_7s_14ns...
Compiling module xil_defaultlib.myproject_mac_muladd_8ns_7s_14ns...
Compiling module xil_defaultlib.myproject_mac_muladd_8ns_5s_14s_...
Compiling module xil_defaultlib.myproject_mac_muladd_8ns_5s_14s_...
Compiling module xil_defaultlib.myproject_mac_muladd_8ns_6ns_15s...
Compiling module xil_defaultlib.myproject_mac_muladd_8ns_6ns_15s...
Compiling module xil_defaultlib.myproject_mac_muladd_8ns_5ns_15n...
Compiling module xil_defaultlib.myproject_mac_muladd_8ns_5ns_15n...
Compiling module xil_defaultlib.myproject_mac_muladd_8ns_5ns_13s...
Compiling module xil_defaultlib.myproject_mac_muladd_8ns_5ns_13s...
Compiling module xil_defaultlib.myproject_mac_muladd_8ns_6ns_15n...
Compiling module xil_defaultlib.myproject_mac_muladd_8ns_6ns_15n...
Compiling module xil_defaultlib.myproject_mac_muladd_8ns_6s_14s_...
Compiling module xil_defaultlib.myproject_mac_muladd_8ns_6s_14s_...
Compiling module xil_defaultlib.myproject_mac_muladd_8ns_7s_16ns...
Compiling module xil_defaultlib.myproject_mac_muladd_8ns_7s_16ns...
Compiling module xil_defaultlib.myproject_mac_muladd_8ns_8s_15s_...
Compiling module xil_defaultlib.myproject_mac_muladd_8ns_8s_15s_...
Compiling module xil_defaultlib.myproject_mac_muladd_8ns_5ns_14n...
Compiling module xil_defaultlib.myproject_mac_muladd_8ns_5ns_14n...
Compiling module xil_defaultlib.myproject_mac_muladd_8ns_7s_16s_...
Compiling module xil_defaultlib.myproject_mac_muladd_8ns_7s_16s_...
Compiling module xil_defaultlib.myproject_mac_muladd_8ns_8s_16ns...
Compiling module xil_defaultlib.myproject_mac_muladd_8ns_8s_16ns...
Compiling module xil_defaultlib.myproject_mac_muladd_8ns_7s_14s_...
Compiling module xil_defaultlib.myproject_mac_muladd_8ns_7s_14s_...
Compiling module xil_defaultlib.myproject_mac_muladd_8ns_6s_15s_...
Compiling module xil_defaultlib.myproject_mac_muladd_8ns_6s_15s_...
Compiling module xil_defaultlib.myproject_mac_muladd_8ns_8s_16s_...
Compiling module xil_defaultlib.myproject_mac_muladd_8ns_8s_16s_...
Compiling module xil_defaultlib.myproject_mac_muladd_8ns_6ns_16s...
Compiling module xil_defaultlib.myproject_mac_muladd_8ns_6ns_16s...
Compiling module xil_defaultlib.myproject_mac_muladd_8ns_5ns_14n...
Compiling module xil_defaultlib.myproject_mac_muladd_8ns_5ns_14n...
Compiling module xil_defaultlib.myproject_mac_muladd_8ns_6ns_15s...
Compiling module xil_defaultlib.myproject_mac_muladd_8ns_6ns_15s...
Compiling module xil_defaultlib.myproject_mac_muladd_8ns_6s_16s_...
Compiling module xil_defaultlib.myproject_mac_muladd_8ns_6s_16s_...
Compiling module xil_defaultlib.myproject_mac_muladd_8ns_6ns_10n...
Compiling module xil_defaultlib.myproject_mac_muladd_8ns_6ns_10n...
Compiling module xil_defaultlib.myproject_mac_muladd_8ns_5s_13s_...
Compiling module xil_defaultlib.myproject_mac_muladd_8ns_5s_13s_...
Compiling module xil_defaultlib.myproject_mac_muladd_8ns_4ns_10s...
Compiling module xil_defaultlib.myproject_mac_muladd_8ns_4ns_10s...
Compiling module xil_defaultlib.myproject_mac_muladd_8ns_7ns_14s...
Compiling module xil_defaultlib.myproject_mac_muladd_8ns_7ns_14s...
Compiling module xil_defaultlib.myproject_mac_muladd_8ns_7s_15ns...
Compiling module xil_defaultlib.myproject_mac_muladd_8ns_7s_15ns...
Compiling module xil_defaultlib.myproject_mac_muladd_8ns_7ns_15s...
Compiling module xil_defaultlib.myproject_mac_muladd_8ns_7ns_15s...
Compiling module xil_defaultlib.myproject_mac_muladd_8ns_4ns_13n...
Compiling module xil_defaultlib.myproject_mac_muladd_8ns_4ns_13n...
Compiling module xil_defaultlib.myproject_mac_muladd_8ns_4ns_12s...
Compiling module xil_defaultlib.myproject_mac_muladd_8ns_4ns_12s...
Compiling module xil_defaultlib.myproject_mac_muladd_8ns_7ns_15n...
Compiling module xil_defaultlib.myproject_mac_muladd_8ns_7ns_15n...
Compiling module xil_defaultlib.myproject_mac_mul_sub_8ns_5ns_13...
Compiling module xil_defaultlib.myproject_mac_mul_sub_8ns_5ns_13...
Compiling module xil_defaultlib.myproject_mac_muladd_8ns_7s_15s_...
Compiling module xil_defaultlib.myproject_mac_muladd_8ns_7s_15s_...
Compiling module xil_defaultlib.myproject_mac_muladd_8ns_7s_14s_...
Compiling module xil_defaultlib.myproject_mac_muladd_8ns_7s_14s_...
Compiling module xil_defaultlib.myproject_mac_muladd_8ns_6ns_14s...
Compiling module xil_defaultlib.myproject_mac_muladd_8ns_6ns_14s...
Compiling module xil_defaultlib.myproject_mac_muladd_8ns_6s_14ns...
Compiling module xil_defaultlib.myproject_mac_muladd_8ns_6s_14ns...
Compiling module xil_defaultlib.myproject_mac_muladd_8ns_4ns_14n...
Compiling module xil_defaultlib.myproject_mac_muladd_8ns_4ns_14n...
Compiling module xil_defaultlib.myproject_mac_muladd_8ns_4ns_11s...
Compiling module xil_defaultlib.myproject_mac_muladd_8ns_4ns_11s...
Compiling module xil_defaultlib.myproject_mac_muladd_8ns_5ns_10n...
Compiling module xil_defaultlib.myproject_mac_muladd_8ns_5ns_10n...
Compiling module xil_defaultlib.myproject_mac_muladd_8ns_6ns_13s...
Compiling module xil_defaultlib.myproject_mac_muladd_8ns_6ns_13s...
Compiling module xil_defaultlib.myproject_mac_muladd_8ns_5s_14ns...
Compiling module xil_defaultlib.myproject_mac_muladd_8ns_5s_14ns...
Compiling module xil_defaultlib.myproject_mac_muladd_8ns_6ns_8ns...
Compiling module xil_defaultlib.myproject_mac_muladd_8ns_6ns_8ns...
Compiling module xil_defaultlib.myproject_mac_muladd_8ns_7ns_11n...
Compiling module xil_defaultlib.myproject_mac_muladd_8ns_7ns_11n...
Compiling module xil_defaultlib.myproject_mac_muladd_8ns_6s_15s_...
Compiling module xil_defaultlib.myproject_mac_muladd_8ns_6s_15s_...
Compiling module xil_defaultlib.myproject_mac_muladd_8ns_5ns_13s...
Compiling module xil_defaultlib.myproject_mac_muladd_8ns_5ns_13s...
Compiling module xil_defaultlib.myproject_mac_muladd_8ns_8s_17s_...
Compiling module xil_defaultlib.myproject_mac_muladd_8ns_8s_17s_...
Compiling module xil_defaultlib.myproject_mac_muladd_8ns_5s_14s_...
Compiling module xil_defaultlib.myproject_mac_muladd_8ns_5s_14s_...
Compiling module xil_defaultlib.myproject_mac_muladd_8ns_6s_16ns...
Compiling module xil_defaultlib.myproject_mac_muladd_8ns_6s_16ns...
Compiling module xil_defaultlib.myproject_mac_muladd_8ns_7ns_12s...
Compiling module xil_defaultlib.myproject_mac_muladd_8ns_7ns_12s...
Compiling module xil_defaultlib.myproject_mac_muladd_8ns_6ns_11s...
Compiling module xil_defaultlib.myproject_mac_muladd_8ns_6ns_11s...
Compiling module xil_defaultlib.myproject_mac_muladd_8ns_8s_18s_...
Compiling module xil_defaultlib.myproject_mac_muladd_8ns_8s_18s_...
Compiling module xil_defaultlib.myproject_mac_muladd_8ns_8s_17s_...
Compiling module xil_defaultlib.myproject_mac_muladd_8ns_8s_17s_...
Compiling module xil_defaultlib.myproject_mac_muladd_8ns_8s_17ns...
Compiling module xil_defaultlib.myproject_mac_muladd_8ns_8s_17ns...
Compiling module xil_defaultlib.myproject_mac_muladd_8ns_7ns_16n...
Compiling module xil_defaultlib.myproject_mac_muladd_8ns_7ns_16n...
Compiling module xil_defaultlib.myproject_mac_muladd_8ns_7s_15s_...
Compiling module xil_defaultlib.myproject_mac_muladd_8ns_7s_15s_...
Compiling module xil_defaultlib.myproject_mac_muladd_8ns_5ns_14s...
Compiling module xil_defaultlib.myproject_mac_muladd_8ns_5ns_14s...
Compiling module xil_defaultlib.myproject_mac_muladd_8ns_4ns_12n...
Compiling module xil_defaultlib.myproject_mac_muladd_8ns_4ns_12n...
Compiling module xil_defaultlib.myproject_mac_muladd_8ns_6ns_15n...
Compiling module xil_defaultlib.myproject_mac_muladd_8ns_6ns_15n...
Compiling module xil_defaultlib.myproject_mac_muladd_8ns_5ns_15s...
Compiling module xil_defaultlib.myproject_mac_muladd_8ns_5ns_15s...
Compiling module xil_defaultlib.myproject_mac_muladd_8ns_6s_15ns...
Compiling module xil_defaultlib.myproject_mac_muladd_8ns_6s_15ns...
Compiling module xil_defaultlib.myproject_mac_muladd_8ns_5ns_10s...
Compiling module xil_defaultlib.myproject_mac_muladd_8ns_5ns_10s...
Compiling module xil_defaultlib.myproject_mac_muladd_8ns_7ns_16s...
Compiling module xil_defaultlib.myproject_mac_muladd_8ns_7ns_16s...
Compiling module xil_defaultlib.myproject_mac_muladd_8ns_7ns_14n...
Compiling module xil_defaultlib.myproject_mac_muladd_8ns_7ns_14n...
Compiling module xil_defaultlib.myproject_mac_muladd_8ns_4ns_13s...
Compiling module xil_defaultlib.myproject_mac_muladd_8ns_4ns_13s...
Compiling module xil_defaultlib.myproject_mac_muladd_8ns_5s_12s_...
Compiling module xil_defaultlib.myproject_mac_muladd_8ns_5s_12s_...
Compiling module xil_defaultlib.myproject_mac_muladd_8ns_5s_13ns...
Compiling module xil_defaultlib.myproject_mac_muladd_8ns_5s_13ns...
Compiling module xil_defaultlib.myproject_mac_muladd_8ns_8s_18s_...
Compiling module xil_defaultlib.myproject_mac_muladd_8ns_8s_18s_...
Compiling module xil_defaultlib.myproject_mac_muladd_8ns_6ns_16n...
Compiling module xil_defaultlib.myproject_mac_muladd_8ns_6ns_16n...
Compiling module xil_defaultlib.myproject_mac_muladd_8ns_8s_20s_...
Compiling module xil_defaultlib.myproject_mac_muladd_8ns_8s_20s_...
Compiling module xil_defaultlib.myproject_mac_muladd_8ns_7ns_16n...
Compiling module xil_defaultlib.myproject_mac_muladd_8ns_7ns_16n...
Compiling module xil_defaultlib.myproject_mac_muladd_8ns_4ns_11n...
Compiling module xil_defaultlib.myproject_mac_muladd_8ns_4ns_11n...
Compiling module xil_defaultlib.myproject_mac_muladd_8ns_5ns_14s...
Compiling module xil_defaultlib.myproject_mac_muladd_8ns_5ns_14s...
Compiling module xil_defaultlib.myproject_mac_muladd_8ns_8s_20s_...
Compiling module xil_defaultlib.myproject_mac_muladd_8ns_8s_20s_...
Compiling module xil_defaultlib.myproject_mac_muladd_8ns_8s_19s_...
Compiling module xil_defaultlib.myproject_mac_muladd_8ns_8s_19s_...
Compiling module xil_defaultlib.myproject_mac_muladd_8ns_8s_21s_...
Compiling module xil_defaultlib.myproject_mac_muladd_8ns_8s_21s_...
Compiling module xil_defaultlib.myproject_mac_muladd_8ns_8s_21s_...
Compiling module xil_defaultlib.myproject_mac_muladd_8ns_8s_21s_...
Compiling module xil_defaultlib.myproject_dense_resource_rf_leq_...
Compiling module xil_defaultlib.myproject_compute_output_buffer_...
Compiling module xil_defaultlib.myproject_conv_2d_cl_array_ap_uf...
Compiling module xil_defaultlib.myproject_normalize_array_ap_fix...
Compiling module xil_defaultlib.myproject_relu_array_ap_fixed_16...
Compiling module xil_defaultlib.myproject_pooling2d_cl_array_arr...
Compiling module xil_defaultlib.myproject_pooling2d_cl_array_arr...
Compiling module xil_defaultlib.myproject_pooling2d_cl_array_arr...
Compiling module xil_defaultlib.myproject_dense_array_ap_ufixed_...
Compiling module xil_defaultlib.myproject_flow_control_loop_pipe...
Compiling module xil_defaultlib.myproject_dense_array_array_ap_f...
Compiling module xil_defaultlib.myproject_mux_64_6_8_1_1(ID=1,di...
Compiling module xil_defaultlib.myproject_mul_8s_8ns_16_1_1(NUM_...
Compiling module xil_defaultlib.myproject_mac_muladd_8s_8ns_16s_...
Compiling module xil_defaultlib.myproject_mac_muladd_8s_8ns_16s_...
Compiling module xil_defaultlib.myproject_dense_array_ap_ufixed_...
Compiling module xil_defaultlib.myproject_normalize_array_array_...
Compiling module xil_defaultlib.myproject_relu_array_array_ap_uf...
Compiling module xil_defaultlib.myproject_dense_array_ap_ufixed_...
Compiling module xil_defaultlib.myproject_mux_60_6_8_1_1(ID=1,di...
Compiling module xil_defaultlib.myproject_dense_array_ap_ufixed_...
Compiling module xil_defaultlib.myproject_normalize_array_ap_fix...
Compiling module xil_defaultlib.myproject_relu_array_ap_fixed_84...
Compiling module xil_defaultlib.myproject_mac_muladd_8ns_7s_10s_...
Compiling module xil_defaultlib.myproject_mac_muladd_8ns_7s_10s_...
Compiling module xil_defaultlib.myproject_mac_muladd_8ns_7ns_13n...
Compiling module xil_defaultlib.myproject_mac_muladd_8ns_7ns_13n...
Compiling module xil_defaultlib.myproject_mac_muladd_8ns_8s_11ns...
Compiling module xil_defaultlib.myproject_mac_muladd_8ns_8s_11ns...
Compiling module xil_defaultlib.myproject_mac_muladd_8ns_7s_13s_...
Compiling module xil_defaultlib.myproject_mac_muladd_8ns_7s_13s_...
Compiling module xil_defaultlib.myproject_mac_muladd_8ns_6ns_13n...
Compiling module xil_defaultlib.myproject_mac_muladd_8ns_6ns_13n...
Compiling module xil_defaultlib.myproject_mac_muladd_8ns_5ns_12n...
Compiling module xil_defaultlib.myproject_mac_muladd_8ns_5ns_12n...
Compiling module xil_defaultlib.myproject_mac_muladd_8ns_4ns_11n...
Compiling module xil_defaultlib.myproject_mac_muladd_8ns_4ns_11n...
Compiling module xil_defaultlib.myproject_mac_muladd_8ns_5ns_11s...
Compiling module xil_defaultlib.myproject_mac_muladd_8ns_5ns_11s...
Compiling module xil_defaultlib.myproject_mac_muladd_8ns_6ns_13n...
Compiling module xil_defaultlib.myproject_mac_muladd_8ns_6ns_13n...
Compiling module xil_defaultlib.myproject_mac_muladd_8ns_6ns_16s...
Compiling module xil_defaultlib.myproject_mac_muladd_8ns_6ns_16s...
Compiling module xil_defaultlib.myproject_mac_muladd_8ns_4ns_10n...
Compiling module xil_defaultlib.myproject_mac_muladd_8ns_4ns_10n...
Compiling module xil_defaultlib.myproject_mac_muladd_8ns_6ns_11n...
Compiling module xil_defaultlib.myproject_mac_muladd_8ns_6ns_11n...
Compiling module xil_defaultlib.myproject_dense_array_ap_ufixed_...
Compiling module xil_defaultlib.myproject_normalize_array_ap_fix...
Compiling module xil_defaultlib.myproject_softmax_stable_array_a...
Compiling module xil_defaultlib.myproject_softmax_stable_array_a...
Compiling module xil_defaultlib.myproject_mul_18s_11ns_29_1_1(NU...
Compiling module xil_defaultlib.myproject_softmax_stable_array_a...
Compiling module xil_defaultlib.myproject_regslice_both(DataWidt...
Compiling module xil_defaultlib.myproject_softmax_array_array_ap...
Compiling module xil_defaultlib.myproject_fifo_w180_d576_A_ram
Compiling module xil_defaultlib.myproject_fifo_w180_d576_A
Compiling module xil_defaultlib.myproject_fifo_w96_d576_A_ram
Compiling module xil_defaultlib.myproject_fifo_w96_d576_A
Compiling module xil_defaultlib.myproject_fifo_w48_d576_A_ram
Compiling module xil_defaultlib.myproject_fifo_w48_d576_A
Compiling module xil_defaultlib.myproject_fifo_w48_d144_A_ram
Compiling module xil_defaultlib.myproject_fifo_w48_d144_A
Compiling module xil_defaultlib.myproject_fifo_w400_d64_A_ram
Compiling module xil_defaultlib.myproject_fifo_w400_d64_A
Compiling module xil_defaultlib.myproject_fifo_w256_d64_A_ram
Compiling module xil_defaultlib.myproject_fifo_w256_d64_A
Compiling module xil_defaultlib.myproject_fifo_w128_d64_A_ram
Compiling module xil_defaultlib.myproject_fifo_w128_d64_A
Compiling module xil_defaultlib.myproject_fifo_w128_d16_A_ram
Compiling module xil_defaultlib.myproject_fifo_w128_d16_A
Compiling module xil_defaultlib.myproject_fifo_w3000_d1_S_ShiftR...
Compiling module xil_defaultlib.myproject_fifo_w3000_d1_S
Compiling module xil_defaultlib.myproject_fifo_w1920_d1_S_ShiftR...
Compiling module xil_defaultlib.myproject_fifo_w1920_d1_S
Compiling module xil_defaultlib.myproject_fifo_w960_d1_S_ShiftRe...
Compiling module xil_defaultlib.myproject_fifo_w960_d1_S
Compiling module xil_defaultlib.myproject_fifo_w2016_d1_S_ShiftR...
Compiling module xil_defaultlib.myproject_fifo_w2016_d1_S
Compiling module xil_defaultlib.myproject_fifo_w1344_d1_S_ShiftR...
Compiling module xil_defaultlib.myproject_fifo_w1344_d1_S
Compiling module xil_defaultlib.myproject_fifo_w672_d1_S_ShiftRe...
Compiling module xil_defaultlib.myproject_fifo_w672_d1_S
Compiling module xil_defaultlib.myproject_fifo_w160_d1_S_ShiftRe...
Compiling module xil_defaultlib.myproject_fifo_w160_d1_S
Compiling module xil_defaultlib.myproject_start_for_normalize_ar...
Compiling module xil_defaultlib.myproject_start_for_normalize_ar...
Compiling module xil_defaultlib.myproject_start_for_relu_array_a...
Compiling module xil_defaultlib.myproject_start_for_relu_array_a...
Compiling module xil_defaultlib.myproject_start_for_pooling2d_cl...
Compiling module xil_defaultlib.myproject_start_for_pooling2d_cl...
Compiling module xil_defaultlib.myproject_start_for_conv_2d_cl_a...
Compiling module xil_defaultlib.myproject_start_for_conv_2d_cl_a...
Compiling module xil_defaultlib.myproject_start_for_normalize_ar...
Compiling module xil_defaultlib.myproject_start_for_normalize_ar...
Compiling module xil_defaultlib.myproject_start_for_relu_array_a...
Compiling module xil_defaultlib.myproject_start_for_relu_array_a...
Compiling module xil_defaultlib.myproject_start_for_pooling2d_cl...
Compiling module xil_defaultlib.myproject_start_for_pooling2d_cl...
Compiling module xil_defaultlib.myproject_start_for_dense_array_...
Compiling module xil_defaultlib.myproject_start_for_dense_array_...
Compiling module xil_defaultlib.myproject_start_for_normalize_ar...
Compiling module xil_defaultlib.myproject_start_for_normalize_ar...
Compiling module xil_defaultlib.myproject_start_for_relu_array_a...
Compiling module xil_defaultlib.myproject_start_for_relu_array_a...
Compiling module xil_defaultlib.myproject_start_for_dense_array_...
Compiling module xil_defaultlib.myproject_start_for_dense_array_...
Compiling module xil_defaultlib.myproject_start_for_normalize_ar...
Compiling module xil_defaultlib.myproject_start_for_normalize_ar...
Compiling module xil_defaultlib.myproject_start_for_relu_array_a...
Compiling module xil_defaultlib.myproject_start_for_relu_array_a...
Compiling module xil_defaultlib.myproject_start_for_dense_array_...
Compiling module xil_defaultlib.myproject_start_for_dense_array_...
Compiling module xil_defaultlib.myproject_start_for_normalize_ar...
Compiling module xil_defaultlib.myproject_start_for_normalize_ar...
Compiling module xil_defaultlib.myproject_start_for_softmax_arra...
Compiling module xil_defaultlib.myproject_start_for_softmax_arra...
Compiling module xil_defaultlib.myproject
Compiling module xil_defaultlib.fifo(DEPTH=784,WIDTH=16)
Compiling module xil_defaultlib.AESL_axi_s_q_conv2d_input
Compiling module xil_defaultlib.fifo(DEPTH=1,WIDTH=160)
Compiling module xil_defaultlib.AESL_axi_s_layer19_out
Compiling module xil_defaultlib.AESL_deadlock_detect_unit(PROC_N...
Compiling module xil_defaultlib.AESL_deadlock_detect_unit(PROC_N...
Compiling module xil_defaultlib.AESL_deadlock_detect_unit(PROC_N...
Compiling module xil_defaultlib.AESL_deadlock_detect_unit(PROC_N...
Compiling module xil_defaultlib.AESL_deadlock_detect_unit(PROC_N...
Compiling module xil_defaultlib.AESL_deadlock_detect_unit(PROC_N...
Compiling module xil_defaultlib.AESL_deadlock_detect_unit(PROC_N...
Compiling module xil_defaultlib.AESL_deadlock_detect_unit(PROC_N...
Compiling module xil_defaultlib.AESL_deadlock_detect_unit(PROC_N...
Compiling module xil_defaultlib.AESL_deadlock_detect_unit(PROC_N...
Compiling module xil_defaultlib.AESL_deadlock_detect_unit(PROC_N...
Compiling module xil_defaultlib.AESL_deadlock_detect_unit(PROC_N...
Compiling module xil_defaultlib.AESL_deadlock_detect_unit(PROC_N...
Compiling module xil_defaultlib.AESL_deadlock_detect_unit(PROC_N...
Compiling module xil_defaultlib.AESL_deadlock_detect_unit(PROC_N...
Compiling module xil_defaultlib.AESL_deadlock_detect_unit(PROC_N...
Compiling module xil_defaultlib.AESL_deadlock_detect_unit(PROC_N...
Compiling module xil_defaultlib.AESL_deadlock_report_unit(PROC_N...
Compiling module xil_defaultlib.AESL_deadlock_detector_1
Compiling module xil_defaultlib.AESL_deadlock_idx0_monitor
Compiling module xil_defaultlib.AESL_deadlock_kernel_monitor_top...
Compiling module xil_defaultlib.df_fifo_intf
Compiling module xil_defaultlib.df_process_intf
Compiling module xil_defaultlib.nodf_module_intf
Compiling module xil_defaultlib.pp_loop_intf(FSM_WIDTH=5)
Compiling module xil_defaultlib.rewind_loop_intf
Compiling module xil_defaultlib.upc_loop_intf(FSM_WIDTH=7)
Compiling module xil_defaultlib.upc_loop_intf(FSM_WIDTH=1)
Compiling module xil_defaultlib.upc_loop_intf(FSM_WIDTH=11)
Compiling module xil_defaultlib.dataflow_monitor_1
Compiling module xil_defaultlib.apatb_myproject_top
Compiling module work.glbl
Built simulation snapshot myproject
